tanggal,waktu,tree_id,suhu_tanah,kelembaban_tanah,ph_tanah,jarak_ring,riwayat_infeksi,risiko_probabilitas_pct,status_aktual_lapangan
2026-07-02,08:00:00,T-0,26.5,85.4,5.8,0,0,100.00,Sehat
2026-07-02,08:00:00,T-1-0,30.5,79.0,6.4,1,0,80.23,Terinfeksi Berat
2026-07-02,08:00:00,T-1-1,25.1,88.1,6.2,1,0,92.36,Terinfeksi Berat
2026-07-02,08:00:00,T-1-2,26.0,90.1,5.8,1,0,99.00,Terinfeksi Berat
2026-07-02,08:00:00,T-1-3,24.1,79.2,5.0,1,0,99.00,Terinfeksi Berat
2026-07-02,08:00:00,T-1-4,26.1,94.5,5.9,1,0,99.00,Terinfeksi Berat
2026-07-02,08:00:00,T-1-5,24.2,92.4,5.4,1,0,99.00,Terinfeksi Berat
2026-07-02,08:00:00,T-2-0,29.2,86.3,6.1,2,0,40.03,Gejala Sedang
2026-07-02,08:00:00,T-2-1,28.7,79.2,5.6,2,0,40.01,Gejala Sedang
2026-07-02,08:00:00,T-2-2,24.7,67.3,5.0,2,0,38.08,Gejala Ringan
2026-07-02,08:00:00,T-2-3,25.5,93.6,5.4,2,0,49.04,Gejala Sedang
2026-07-02,08:00:00,T-2-4,25.4,83.5,6.3,2,0,37.50,Gejala Ringan
2026-07-02,08:00:00,T-2-5,25.9,86.7,5.5,2,0,44.60,Gejala Sedang
2026-07-02,08:00:00,T-2-6,25.1,66.0,6.2,2,0,30.12,Gejala Ringan
2026-07-02,08:00:00,T-2-7,30.5,82.6,6.0,2,0,38.95,Gejala Ringan
2026-07-02,08:00:00,T-2-8,27.0,82.4,5.4,2,0,43.17,Gejala Sedang
2026-07-02,08:00:00,T-2-9,24.9,94.9,5.4,2,0,49.72,Gejala Sedang
2026-07-02,08:00:00,T-2-10,31.5,81.8,5.3,2,0,43.67,Gejala Sedang
2026-07-02,08:00:00,T-2-11,25.9,75.2,5.6,2,0,37.99,Gejala Ringan
2026-07-02,08:00:00,T-3-0,27.6,86.3,6.3,3,0,23.83,Gejala Ringan
2026-07-02,08:00:00,T-3-1,27.7,88.6,6.1,3,0,25.26,Gejala Ringan
2026-07-02,08:00:00,T-3-2,24.4,74.1,6.4,3,0,20.14,Gejala Ringan
2026-07-02,08:00:00,T-3-3,30.7,66.2,5.2,3,0,22.14,Gejala Ringan
2026-07-02,08:00:00,T-3-4,27.3,75.2,6.5,3,0,20.12,Gejala Ringan
2026-07-02,08:00:00,T-3-5,29.7,74.7,5.9,3,0,22.02,Gejala Ringan
2026-07-02,08:00:00,T-3-6,28.9,80.3,6.1,3,0,22.90,Gejala Ringan
2026-07-02,08:00:00,T-3-7,31.8,92.5,6.2,3,0,25.95,Gejala Ringan
2026-07-02,08:00:00,T-3-8,28.0,80.0,5.8,3,0,23.99,Gejala Ringan
2026-07-02,08:00:00,T-3-9,28.8,83.7,5.7,3,0,25.54,Gejala Ringan
2026-07-02,08:00:00,T-3-10,29.1,71.9,5.9,3,0,21.20,Gejala Ringan
2026-07-02,08:00:00,T-3-11,29.1,67.7,5.0,3,0,23.55,Gejala Ringan
2026-07-02,08:00:00,T-3-12,24.5,80.3,5.3,3,0,26.35,Gejala Ringan
2026-07-02,08:00:00,T-3-13,25.3,83.9,6.5,3,0,22.45,Gejala Ringan
2026-07-02,08:00:00,T-3-14,28.3,77.5,5.9,3,0,22.85,Gejala Ringan
2026-07-02,08:00:00,T-3-15,26.1,86.9,5.2,3,0,29.07,Gejala Ringan
2026-07-02,08:00:00,T-3-16,31.0,88.4,5.7,3,0,26.97,Gejala Ringan
2026-07-02,08:00:00,T-3-17,24.9,67.1,6.5,3,0,17.95,Sehat
2026-07-03,08:00:00,T-0,31.1,88.8,5.8,0,0,100.00,Sehat
2026-07-03,08:00:00,T-1-0,24.1,76.9,5.8,1,0,86.18,Terinfeksi Berat
2026-07-03,08:00:00,T-1-1,25.0,83.0,6.4,1,0,84.30,Terinfeksi Berat
2026-07-03,08:00:00,T-1-2,25.1,65.7,5.6,1,0,76.26,Terinfeksi Berat
2026-07-03,08:00:00,T-1-3,29.9,78.6,5.7,1,0,89.63,Terinfeksi Berat
2026-07-03,08:00:00,T-1-4,30.6,72.6,5.1,1,0,92.53,Terinfeksi Berat
2026-07-03,08:00:00,T-1-5,24.8,83.0,5.4,1,0,99.00,Terinfeksi Berat
2026-07-03,08:00:00,T-2-0,31.1,72.9,6.3,2,0,32.74,Gejala Ringan
2026-07-03,08:00:00,T-2-1,28.8,91.6,5.9,2,0,43.93,Gejala Sedang
2026-07-03,08:00:00,T-2-2,29.1,82.9,5.0,2,0,46.91,Gejala Sedang
2026-07-03,08:00:00,T-2-3,30.1,74.3,6.0,2,0,35.04,Gejala Ringan
2026-07-03,08:00:00,T-2-4,26.2,77.1,5.9,2,0,36.97,Gejala Ringan
2026-07-03,08:00:00,T-2-5,24.1,90.1,6.5,2,0,39.22,Gejala Ringan
2026-07-03,08:00:00,T-2-6,24.7,87.8,6.2,2,0,40.07,Gejala Sedang
2026-07-03,08:00:00,T-2-7,26.1,85.7,5.3,2,0,45.75,Gejala Sedang
2026-07-03,08:00:00,T-2-8,27.4,69.7,5.3,2,0,37.21,Gejala Ringan
2026-07-03,08:00:00,T-2-9,31.5,77.5,5.9,2,0,37.16,Gejala Ringan
2026-07-03,08:00:00,T-2-10,28.6,67.3,6.1,2,0,31.21,Gejala Ringan
2026-07-03,08:00:00,T-2-11,31.7,75.5,6.1,2,0,35.02,Gejala Ringan
2026-07-03,08:00:00,T-3-0,29.8,93.7,6.2,3,0,26.29,Gejala Ringan
2026-07-03,08:00:00,T-3-1,31.7,90.0,5.8,3,0,26.99,Gejala Ringan
2026-07-03,08:00:00,T-3-2,28.9,66.1,5.4,3,0,21.29,Gejala Ringan
2026-07-03,08:00:00,T-3-3,25.9,85.2,5.8,3,0,25.55,Gejala Ringan
2026-07-03,08:00:00,T-3-4,26.6,66.5,5.8,3,0,19.94,Sehat
2026-07-03,08:00:00,T-3-5,27.7,85.1,6.1,3,0,24.26,Gejala Ringan
2026-07-03,08:00:00,T-3-6,28.0,77.3,5.4,3,0,24.90,Gejala Ringan
2026-07-03,08:00:00,T-3-7,27.8,67.6,5.9,3,0,19.93,Sehat
2026-07-03,08:00:00,T-3-8,26.4,79.3,6.0,3,0,22.99,Gejala Ringan
2026-07-03,08:00:00,T-3-9,24.9,83.2,5.6,3,0,25.84,Gejala Ringan
2026-07-03,08:00:00,T-3-10,25.5,74.5,5.1,3,0,25.41,Gejala Ringan
2026-07-03,08:00:00,T-3-11,30.6,81.8,5.7,3,0,24.96,Gejala Ringan
2026-07-03,08:00:00,T-3-12,28.9,93.6,5.4,3,0,30.15,Gejala Ringan
2026-07-03,08:00:00,T-3-13,31.2,72.8,5.7,3,0,22.21,Gejala Ringan
2026-07-03,08:00:00,T-3-14,29.0,84.4,6.2,3,0,23.68,Gejala Ringan
2026-07-03,08:00:00,T-3-15,29.9,90.0,5.3,3,0,29.53,Gejala Ringan
2026-07-03,08:00:00,T-3-16,28.4,93.5,5.6,3,0,29.04,Gejala Ringan
2026-07-03,08:00:00,T-3-17,24.3,70.9,5.8,3,0,21.26,Gejala Ringan
2026-07-04,08:00:00,T-0,29.9,88.3,6.4,0,0,100.00,Sehat
2026-07-04,08:00:00,T-1-0,27.2,84.9,5.3,1,0,99.00,Terinfeksi Berat
2026-07-04,08:00:00,T-1-1,30.7,85.8,5.2,1,0,99.00,Terinfeksi Berat
2026-07-04,08:00:00,T-1-2,26.3,79.5,6.0,1,0,86.13,Terinfeksi Berat
2026-07-04,08:00:00,T-1-3,25.4,77.7,5.0,1,0,99.00,Terinfeksi Berat
2026-07-04,08:00:00,T-1-4,27.1,85.7,6.1,1,0,91.32,Terinfeksi Berat
2026-07-04,08:00:00,T-1-5,29.6,86.7,5.4,1,0,99.00,Terinfeksi Berat
2026-07-04,08:00:00,T-2-0,30.0,87.2,5.8,2,0,42.54,Gejala Sedang
2026-07-04,08:00:00,T-2-1,27.6,89.9,5.1,2,0,49.87,Gejala Sedang
2026-07-04,08:00:00,T-2-2,24.3,90.8,6.0,2,0,42.82,Gejala Sedang
2026-07-04,08:00:00,T-2-3,30.5,92.0,6.2,2,0,41.98,Gejala Sedang
2026-07-04,08:00:00,T-2-4,28.7,65.1,5.9,2,0,31.22,Gejala Ringan
2026-07-04,08:00:00,T-2-5,24.7,86.4,5.7,2,0,42.89,Gejala Sedang
2026-07-04,08:00:00,T-2-6,30.1,85.2,6.0,2,0,40.18,Gejala Sedang
2026-07-04,08:00:00,T-2-7,24.8,72.3,5.2,2,0,39.34,Gejala Ringan
2026-07-04,08:00:00,T-2-8,30.2,84.0,5.7,2,0,41.69,Gejala Sedang
2026-07-04,08:00:00,T-2-9,27.0,91.3,5.6,2,0,46.13,Gejala Sedang
2026-07-04,08:00:00,T-2-10,25.2,81.6,6.2,2,0,37.24,Gejala Ringan
2026-07-04,08:00:00,T-2-11,26.5,87.4,5.9,2,0,41.91,Gejala Sedang
2026-07-04,08:00:00,T-3-0,27.8,72.1,6.4,3,0,19.59,Sehat
2026-07-04,08:00:00,T-3-1,26.3,76.9,5.5,3,0,24.32,Gejala Ringan
2026-07-04,08:00:00,T-3-2,24.1,86.4,5.9,3,0,25.47,Gejala Ringan
2026-07-04,08:00:00,T-3-3,29.4,79.1,5.5,3,0,25.01,Gejala Ringan
2026-07-04,08:00:00,T-3-4,26.3,80.8,5.1,3,0,27.56,Gejala Ringan
2026-07-04,08:00:00,T-3-5,24.7,86.5,6.4,3,0,23.51,Gejala Ringan
2026-07-04,08:00:00,T-3-6,25.2,70.0,6.1,3,0,19.96,Sehat
2026-07-04,08:00:00,T-3-7,31.8,66.6,5.9,3,0,19.63,Sehat
2026-07-04,08:00:00,T-3-8,29.9,83.1,5.2,3,0,27.79,Gejala Ringan
2026-07-04,08:00:00,T-3-9,24.1,86.7,6.5,3,0,23.20,Gejala Ringan
2026-07-04,08:00:00,T-3-10,25.6,89.9,5.5,3,0,28.43,Gejala Ringan
2026-07-04,08:00:00,T-3-11,30.9,73.3,5.0,3,0,25.50,Gejala Ringan
2026-07-04,08:00:00,T-3-12,29.8,76.9,5.6,3,0,23.88,Gejala Ringan
2026-07-04,08:00:00,T-3-13,26.5,68.8,6.5,3,0,18.41,Sehat
2026-07-04,08:00:00,T-3-14,27.0,78.1,6.4,3,0,21.22,Gejala Ringan
2026-07-04,08:00:00,T-3-15,26.6,93.8,5.4,3,0,30.21,Gejala Ringan
2026-07-04,08:00:00,T-3-16,28.1,82.8,5.1,3,0,28.24,Gejala Ringan
2026-07-04,08:00:00,T-3-17,30.3,92.1,6.4,3,0,25.03,Gejala Ringan
2026-07-05,08:00:00,T-0,26.0,92.8,6.0,0,0,100.00,Sehat
2026-07-05,08:00:00,T-1-0,26.0,86.3,5.8,1,0,96.72,Terinfeksi Berat
2026-07-05,08:00:00,T-1-1,29.5,77.3,6.4,1,0,78.51,Terinfeksi Berat
2026-07-05,08:00:00,T-1-2,26.0,89.4,5.5,1,0,99.00,Terinfeksi Berat
2026-07-05,08:00:00,T-1-3,24.8,71.3,6.1,1,0,75.98,Terinfeksi Berat
2026-07-05,08:00:00,T-1-4,29.2,75.9,6.3,1,0,78.31,Terinfeksi Berat
2026-07-05,08:00:00,T-1-5,31.9,68.7,5.8,1,0,76.99,Terinfeksi Berat
2026-07-05,08:00:00,T-2-0,24.5,66.6,5.4,2,0,34.89,Gejala Ringan
2026-07-05,08:00:00,T-2-1,25.9,71.8,6.1,2,0,33.30,Gejala Ringan
2026-07-05,08:00:00,T-2-2,24.3,86.6,5.5,2,0,44.55,Gejala Sedang
2026-07-05,08:00:00,T-2-3,28.8,82.7,6.5,2,0,36.00,Gejala Ringan
2026-07-05,08:00:00,T-2-4,24.9,73.1,6.3,2,0,32.83,Gejala Ringan
2026-07-05,08:00:00,T-2-5,28.9,67.4,6.5,2,0,29.34,Gejala Ringan
2026-07-05,08:00:00,T-2-6,31.9,91.7,5.1,2,0,50.87,Gejala Sedang
2026-07-05,08:00:00,T-2-7,28.4,69.8,5.3,2,0,37.26,Gejala Ringan
2026-07-05,08:00:00,T-2-8,24.6,82.2,5.2,2,0,44.72,Gejala Sedang
2026-07-05,08:00:00,T-2-9,28.0,71.8,5.8,2,0,35.02,Gejala Ringan
2026-07-05,08:00:00,T-2-10,27.7,92.6,6.0,2,0,43.67,Gejala Sedang
2026-07-05,08:00:00,T-2-11,27.7,86.0,6.4,2,0,38.02,Gejala Ringan
2026-07-05,08:00:00,T-3-0,25.9,75.5,6.0,3,0,21.89,Gejala Ringan
2026-07-05,08:00:00,T-3-1,30.3,89.9,6.4,3,0,24.43,Gejala Ringan
2026-07-05,08:00:00,T-3-2,25.5,72.4,6.3,3,0,19.99,Sehat
2026-07-05,08:00:00,T-3-3,28.8,94.0,5.6,3,0,29.19,Gejala Ringan
2026-07-05,08:00:00,T-3-4,27.7,68.8,5.9,3,0,20.28,Gejala Ringan
2026-07-05,08:00:00,T-3-5,24.0,71.9,6.0,3,0,20.84,Gejala Ringan
2026-07-05,08:00:00,T-3-6,25.2,73.2,5.9,3,0,21.58,Gejala Ringan
2026-07-05,08:00:00,T-3-7,24.6,74.8,6.3,3,0,20.65,Gejala Ringan
2026-07-05,08:00:00,T-3-8,27.8,79.3,5.3,3,0,26.02,Gejala Ringan
2026-07-05,08:00:00,T-3-9,27.7,94.4,6.2,3,0,26.48,Gejala Ringan
2026-07-05,08:00:00,T-3-10,26.1,80.7,5.8,3,0,24.20,Gejala Ringan
2026-07-05,08:00:00,T-3-11,29.8,81.6,5.5,3,0,25.80,Gejala Ringan
2026-07-05,08:00:00,T-3-12,30.5,88.3,6.2,3,0,24.77,Gejala Ringan
2026-07-05,08:00:00,T-3-13,29.8,80.4,5.7,3,0,24.53,Gejala Ringan
2026-07-05,08:00:00,T-3-14,29.3,68.1,6.2,3,0,19.10,Sehat
2026-07-05,08:00:00,T-3-15,29.9,70.4,5.1,3,0,24.01,Gejala Ringan
2026-07-05,08:00:00,T-3-16,30.9,78.4,6.3,3,0,21.64,Gejala Ringan
2026-07-05,08:00:00,T-3-17,26.2,94.5,5.0,3,0,32.87,Gejala Ringan
2026-07-06,08:00:00,T-0,28.9,84.0,5.2,0,0,100.00,Sehat
2026-07-06,08:00:00,T-1-0,26.0,85.2,5.5,1,0,99.00,Terinfeksi Berat
2026-07-06,08:00:00,T-1-1,30.6,84.1,6.1,1,0,89.61,Terinfeksi Berat
2026-07-06,08:00:00,T-1-2,30.8,78.3,5.9,1,0,86.26,Terinfeksi Berat
2026-07-06,08:00:00,T-1-3,28.1,83.7,5.3,1,0,99.00,Terinfeksi Berat
2026-07-06,08:00:00,T-1-4,25.6,72.8,5.9,1,0,80.20,Terinfeksi Berat
2026-07-06,08:00:00,T-1-5,26.9,83.1,5.7,1,0,94.76,Terinfeksi Berat
2026-07-06,08:00:00,T-2-0,26.0,70.3,6.1,2,0,32.61,Gejala Ringan
2026-07-06,08:00:00,T-2-1,30.9,78.4,5.4,2,0,41.08,Gejala Sedang
2026-07-06,08:00:00,T-2-2,31.2,92.7,6.5,2,0,40.35,Gejala Sedang
2026-07-06,08:00:00,T-2-3,29.4,92.8,5.1,2,0,51.48,Gejala Sedang
2026-07-06,08:00:00,T-2-4,29.8,79.1,5.8,2,0,38.59,Gejala Ringan
2026-07-06,08:00:00,T-2-5,29.4,75.3,5.8,2,0,36.73,Gejala Ringan
2026-07-06,08:00:00,T-2-6,29.6,77.1,6.0,2,0,36.36,Gejala Ringan
2026-07-06,08:00:00,T-2-7,28.5,78.7,6.4,2,0,34.79,Gejala Ringan
2026-07-06,08:00:00,T-2-8,25.6,81.7,5.6,2,0,41.28,Gejala Sedang
2026-07-06,08:00:00,T-2-9,31.9,88.3,5.4,2,0,46.26,Gejala Sedang
2026-07-06,08:00:00,T-2-10,30.9,83.2,5.8,2,0,40.59,Gejala Sedang
2026-07-06,08:00:00,T-2-11,26.0,82.9,5.2,2,0,45.11,Gejala Sedang
2026-07-06,08:00:00,T-3-0,30.1,93.4,5.1,3,0,31.85,Gejala Ringan
2026-07-06,08:00:00,T-3-1,24.0,91.5,5.5,3,0,28.94,Gejala Ringan
2026-07-06,08:00:00,T-3-2,29.9,79.2,6.3,3,0,21.87,Gejala Ringan
2026-07-06,08:00:00,T-3-3,27.7,78.4,5.4,3,0,25.25,Gejala Ringan
2026-07-06,08:00:00,T-3-4,28.3,84.6,6.0,3,0,24.52,Gejala Ringan
2026-07-06,08:00:00,T-3-5,25.1,73.8,6.0,3,0,21.39,Gejala Ringan
2026-07-06,08:00:00,T-3-6,28.5,75.3,5.7,3,0,22.98,Gejala Ringan
2026-07-06,08:00:00,T-3-7,24.2,85.6,5.8,3,0,25.67,Gejala Ringan
2026-07-06,08:00:00,T-3-8,28.9,88.3,5.9,3,0,26.03,Gejala Ringan
2026-07-06,08:00:00,T-3-9,31.6,73.5,5.3,3,0,24.12,Gejala Ringan
2026-07-06,08:00:00,T-3-10,26.0,72.4,5.0,3,0,25.18,Gejala Ringan
2026-07-06,08:00:00,T-3-11,30.9,70.6,5.3,3,0,23.17,Gejala Ringan
2026-07-06,08:00:00,T-3-12,27.7,89.5,5.6,3,0,27.80,Gejala Ringan
2026-07-06,08:00:00,T-3-13,24.8,67.4,5.1,3,0,22.99,Gejala Ringan
2026-07-06,08:00:00,T-3-14,26.1,80.8,5.1,3,0,27.56,Gejala Ringan
2026-07-06,08:00:00,T-3-15,30.2,75.2,5.7,3,0,22.95,Gejala Ringan
2026-07-06,08:00:00,T-3-16,25.4,83.1,6.3,3,0,22.94,Gejala Ringan
2026-07-06,08:00:00,T-3-17,26.8,73.4,5.1,3,0,25.03,Gejala Ringan
2026-07-07,08:00:00,T-0,29.2,66.7,5.9,0,0,100.00,Sehat
2026-07-07,08:00:00,T-1-0,30.6,91.6,5.7,1,0,99.00,Terinfeksi Berat
2026-07-07,08:00:00,T-1-1,28.5,90.5,6.2,1,0,94.88,Terinfeksi Berat
2026-07-07,08:00:00,T-1-2,26.3,67.2,6.5,1,0,67.20,Gejala Sedang
2026-07-07,08:00:00,T-1-3,25.4,81.8,5.2,1,0,99.00,Terinfeksi Berat
2026-07-07,08:00:00,T-1-4,28.6,78.7,5.3,1,0,96.52,Terinfeksi Berat
2026-07-07,08:00:00,T-1-5,26.5,80.6,5.5,1,0,95.25,Terinfeksi Berat
2026-07-07,08:00:00,T-2-0,28.8,85.7,5.2,2,0,46.63,Gejala Sedang
2026-07-07,08:00:00,T-2-1,27.0,80.7,5.8,2,0,39.37,Gejala Ringan
2026-07-07,08:00:00,T-2-2,28.3,89.7,5.0,2,0,50.76,Gejala Sedang
2026-07-07,08:00:00,T-2-3,26.4,69.5,6.3,2,0,31.21,Gejala Ringan
2026-07-07,08:00:00,T-2-4,27.2,74.6,6.0,2,0,35.18,Gejala Ringan
2026-07-07,08:00:00,T-2-5,27.5,77.9,5.2,2,0,42.38,Gejala Sedang
2026-07-07,08:00:00,T-2-6,29.0,70.3,6.4,2,0,31.08,Gejala Ringan
2026-07-07,08:00:00,T-2-7,29.3,75.5,5.3,2,0,40.30,Gejala Sedang
2026-07-07,08:00:00,T-2-8,25.2,79.5,5.9,2,0,38.12,Gejala Ringan
2026-07-07,08:00:00,T-2-9,30.7,69.4,5.7,2,0,34.45,Gejala Ringan
2026-07-07,08:00:00,T-2-10,30.6,83.5,6.4,2,0,36.91,Gejala Ringan
2026-07-07,08:00:00,T-2-11,26.2,87.2,6.1,2,0,40.44,Gejala Sedang
2026-07-07,08:00:00,T-3-0,25.3,88.7,5.8,3,0,26.60,Gejala Ringan
2026-07-07,08:00:00,T-3-1,29.1,90.3,5.5,3,0,28.56,Gejala Ringan
2026-07-07,08:00:00,T-3-2,29.5,84.1,5.3,3,0,27.60,Gejala Ringan
2026-07-07,08:00:00,T-3-3,28.9,66.8,5.2,3,0,22.34,Gejala Ringan
2026-07-07,08:00:00,T-3-4,26.8,87.1,6.2,3,0,24.43,Gejala Ringan
2026-07-07,08:00:00,T-3-5,29.8,87.5,5.9,3,0,25.79,Gejala Ringan
2026-07-07,08:00:00,T-3-6,25.4,68.6,6.1,3,0,19.56,Sehat
2026-07-07,08:00:00,T-3-7,28.5,66.1,6.2,3,0,18.54,Sehat
2026-07-07,08:00:00,T-3-8,28.0,85.5,5.4,3,0,27.54,Gejala Ringan
2026-07-07,08:00:00,T-3-9,26.7,70.0,5.2,3,0,23.41,Gejala Ringan
2026-07-07,08:00:00,T-3-10,27.6,75.6,5.1,3,0,25.78,Gejala Ringan
2026-07-07,08:00:00,T-3-11,31.5,70.0,5.7,3,0,21.36,Gejala Ringan
2026-07-07,08:00:00,T-3-12,31.9,82.6,6.3,3,0,22.80,Gejala Ringan
2026-07-07,08:00:00,T-3-13,28.2,80.2,5.8,3,0,24.05,Gejala Ringan
2026-07-07,08:00:00,T-3-14,31.4,91.9,5.7,3,0,28.04,Gejala Ringan
2026-07-07,08:00:00,T-3-15,26.0,78.2,5.2,3,0,26.16,Gejala Ringan
2026-07-07,08:00:00,T-3-16,26.3,74.3,5.1,3,0,25.34,Gejala Ringan
2026-07-07,08:00:00,T-3-17,30.7,85.9,5.4,3,0,27.67,Gejala Ringan
2026-07-08,08:00:00,T-0,29.5,67.2,6.5,0,0,100.00,Sehat
2026-07-08,08:00:00,T-1-0,29.8,77.0,5.4,1,0,92.69,Terinfeksi Berat
2026-07-08,08:00:00,T-1-1,25.3,90.8,6.1,1,0,96.75,Terinfeksi Berat
2026-07-08,08:00:00,T-1-2,28.3,82.7,5.3,1,0,99.00,Terinfeksi Berat
2026-07-08,08:00:00,T-1-3,26.3,79.8,5.0,1,0,99.00,Terinfeksi Berat
2026-07-08,08:00:00,T-1-4,25.7,84.8,6.1,1,0,90.36,Terinfeksi Berat
2026-07-08,08:00:00,T-1-5,30.1,92.4,5.2,1,0,99.00,Terinfeksi Berat
2026-07-08,08:00:00,T-2-0,30.6,78.1,5.8,2,0,38.10,Gejala Ringan
2026-07-08,08:00:00,T-2-1,28.9,74.3,5.3,2,0,39.66,Gejala Ringan
2026-07-08,08:00:00,T-2-2,27.5,89.2,5.2,2,0,48.53,Gejala Sedang
2026-07-08,08:00:00,T-2-3,25.8,68.9,6.0,2,0,32.49,Gejala Ringan
2026-07-08,08:00:00,T-2-4,24.9,86.3,5.4,2,0,45.22,Gejala Sedang
2026-07-08,08:00:00,T-2-5,31.4,93.5,5.8,2,0,45.61,Gejala Sedang
2026-07-08,08:00:00,T-2-6,31.4,86.9,6.1,2,0,40.31,Gejala Sedang
2026-07-08,08:00:00,T-2-7,26.8,79.1,5.6,2,0,39.96,Gejala Ringan
2026-07-08,08:00:00,T-2-8,28.6,70.9,5.5,2,0,36.47,Gejala Ringan
2026-07-08,08:00:00,T-2-9,30.6,82.2,5.6,2,0,41.53,Gejala Sedang
2026-07-08,08:00:00,T-2-10,29.3,84.1,5.2,2,0,45.76,Gejala Sedang
2026-07-08,08:00:00,T-2-11,31.5,70.9,5.2,2,0,38.58,Gejala Ringan
2026-07-08,08:00:00,T-3-0,31.6,91.5,5.4,3,0,29.47,Gejala Ringan
2026-07-08,08:00:00,T-3-1,25.9,89.2,5.9,3,0,26.30,Gejala Ringan
2026-07-08,08:00:00,T-3-2,26.2,73.9,5.9,3,0,21.79,Gejala Ringan
2026-07-08,08:00:00,T-3-3,27.3,71.9,5.8,3,0,21.56,Gejala Ringan
2026-07-08,08:00:00,T-3-4,29.8,87.3,5.0,3,0,30.37,Gejala Ringan
2026-07-08,08:00:00,T-3-5,27.6,80.8,5.2,3,0,27.03,Gejala Ringan
2026-07-08,08:00:00,T-3-6,29.0,80.6,6.3,3,0,22.25,Gejala Ringan
2026-07-08,08:00:00,T-3-7,31.1,89.3,6.3,3,0,24.65,Gejala Ringan
2026-07-08,08:00:00,T-3-8,27.7,69.2,6.2,3,0,19.41,Sehat
2026-07-08,08:00:00,T-3-9,31.6,91.3,5.6,3,0,28.36,Gejala Ringan
2026-07-08,08:00:00,T-3-10,25.7,66.3,5.9,3,0,19.54,Sehat
2026-07-08,08:00:00,T-3-11,31.9,74.1,6.2,3,0,20.79,Gejala Ringan
2026-07-08,08:00:00,T-3-12,24.4,79.0,6.3,3,0,21.81,Gejala Ringan
2026-07-08,08:00:00,T-3-13,25.0,88.1,5.9,3,0,25.97,Gejala Ringan
2026-07-08,08:00:00,T-3-14,27.6,65.6,6.0,3,0,19.02,Sehat
2026-07-08,08:00:00,T-3-15,24.6,68.3,5.7,3,0,20.84,Gejala Ringan
2026-07-08,08:00:00,T-3-16,28.0,81.3,6.3,3,0,22.44,Gejala Ringan
2026-07-08,08:00:00,T-3-17,30.1,88.9,6.0,3,0,25.77,Gejala Ringan
2026-07-09,08:00:00,T-0,31.5,85.9,5.2,0,0,100.00,Sehat
2026-07-09,08:00:00,T-1-0,31.0,82.2,5.2,1,0,99.00,Terinfeksi Berat
2026-07-09,08:00:00,T-1-1,31.1,88.4,5.8,1,0,99.00,Terinfeksi Berat
2026-07-09,08:00:00,T-1-2,28.9,81.6,5.1,1,0,99.00,Terinfeksi Berat
2026-07-09,08:00:00,T-1-3,26.3,84.7,6.3,1,0,87.39,Terinfeksi Berat
2026-07-09,08:00:00,T-1-4,30.6,74.9,6.3,1,0,77.28,Terinfeksi Berat
2026-07-09,08:00:00,T-1-5,30.9,66.7,6.2,1,0,69.93,Gejala Sedang
2026-07-09,08:00:00,T-2-0,29.1,84.2,5.9,2,0,40.38,Gejala Sedang
2026-07-09,08:00:00,T-2-1,30.9,75.3,6.1,2,0,34.93,Gejala Ringan
2026-07-09,08:00:00,T-2-2,30.4,81.0,5.5,2,0,41.67,Gejala Sedang
2026-07-09,08:00:00,T-2-3,28.8,89.9,6.0,2,0,42.39,Gejala Sedang
2026-07-09,08:00:00,T-2-4,29.3,68.5,5.6,2,0,34.61,Gejala Ringan
2026-07-09,08:00:00,T-2-5,31.6,94.3,5.5,2,0,48.51,Gejala Sedang
2026-07-09,08:00:00,T-2-6,27.3,67.8,5.4,2,0,35.52,Gejala Ringan
2026-07-09,08:00:00,T-2-7,25.6,86.6,5.7,2,0,42.99,Gejala Sedang
2026-07-09,08:00:00,T-2-8,30.3,78.6,6.4,2,0,34.75,Gejala Ringan
2026-07-09,08:00:00,T-2-9,31.0,94.2,6.0,2,0,44.42,Gejala Sedang
2026-07-09,08:00:00,T-2-10,27.4,67.6,5.2,2,0,36.78,Gejala Ringan
2026-07-09,08:00:00,T-2-11,30.2,78.3,6.2,2,0,35.73,Gejala Ringan
2026-07-09,08:00:00,T-3-0,26.0,90.6,6.5,3,0,24.24,Gejala Ringan
2026-07-09,08:00:00,T-3-1,31.6,74.3,5.3,3,0,24.38,Gejala Ringan
2026-07-09,08:00:00,T-3-2,24.9,80.7,6.3,3,0,22.28,Gejala Ringan
2026-07-09,08:00:00,T-3-3,29.5,69.0,5.0,3,0,24.00,Gejala Ringan
2026-07-09,08:00:00,T-3-4,25.4,71.6,5.1,3,0,24.42,Gejala Ringan
2026-07-09,08:00:00,T-3-5,27.8,74.4,5.5,3,0,23.53,Gejala Ringan
2026-07-09,08:00:00,T-3-6,29.0,77.7,6.5,3,0,20.79,Gejala Ringan
2026-07-09,08:00:00,T-3-7,24.8,86.4,5.8,3,0,25.91,Gejala Ringan
2026-07-09,08:00:00,T-3-8,24.5,83.8,5.2,3,0,28.03,Gejala Ringan
2026-07-09,08:00:00,T-3-9,31.0,86.6,6.0,3,0,25.10,Gejala Ringan
2026-07-09,08:00:00,T-3-10,27.2,67.4,5.9,3,0,19.87,Sehat
2026-07-09,08:00:00,T-3-11,31.5,75.5,6.0,3,0,21.89,Gejala Ringan
2026-07-09,08:00:00,T-3-12,29.2,71.3,6.4,3,0,19.38,Sehat
2026-07-09,08:00:00,T-3-13,25.2,83.4,5.5,3,0,26.37,Gejala Ringan
2026-07-09,08:00:00,T-3-14,25.9,79.2,6.3,3,0,21.87,Gejala Ringan
2026-07-09,08:00:00,T-3-15,30.4,94.4,6.2,3,0,26.48,Gejala Ringan
2026-07-09,08:00:00,T-3-16,30.6,92.5,6.0,3,0,26.81,Gejala Ringan
2026-07-09,08:00:00,T-3-17,29.8,80.7,5.5,3,0,25.52,Gejala Ringan
2026-07-10,08:00:00,T-0,28.9,71.2,6.3,0,0,100.00,Sehat
2026-07-10,08:00:00,T-1-0,25.4,76.5,5.6,1,0,88.79,Terinfeksi Berat
2026-07-10,08:00:00,T-1-1,24.4,91.6,6.3,1,0,94.51,Terinfeksi Berat
2026-07-10,08:00:00,T-1-2,30.7,65.8,5.2,1,0,82.25,Terinfeksi Berat
2026-07-10,08:00:00,T-1-3,25.4,91.2,5.2,1,0,99.00,Terinfeksi Berat
2026-07-10,08:00:00,T-1-4,25.7,77.2,6.4,1,0,78.41,Terinfeksi Berat
2026-07-10,08:00:00,T-1-5,24.7,72.0,5.9,1,0,79.32,Terinfeksi Berat
2026-07-10,08:00:00,T-2-0,27.1,70.5,5.5,2,0,36.27,Gejala Ringan
2026-07-10,08:00:00,T-2-1,29.0,80.5,6.2,2,0,36.74,Gejala Ringan
2026-07-10,08:00:00,T-2-2,27.7,83.4,5.1,2,0,46.27,Gejala Sedang
2026-07-10,08:00:00,T-2-3,30.3,90.3,5.4,2,0,47.31,Gejala Sedang
2026-07-10,08:00:00,T-2-4,29.6,75.1,6.4,2,0,33.20,Gejala Ringan
2026-07-10,08:00:00,T-2-5,29.2,94.5,5.3,2,0,50.45,Gejala Sedang
2026-07-10,08:00:00,T-2-6,24.3,88.5,5.7,2,0,43.93,Gejala Sedang
2026-07-10,08:00:00,T-2-7,25.9,79.9,5.3,2,0,42.65,Gejala Sedang
2026-07-10,08:00:00,T-2-8,26.6,92.8,6.1,2,0,43.04,Gejala Sedang
2026-07-10,08:00:00,T-2-9,30.9,87.2,5.2,2,0,47.45,Gejala Sedang
2026-07-10,08:00:00,T-2-10,29.5,79.7,5.7,2,0,39.56,Gejala Ringan
2026-07-10,08:00:00,T-2-11,24.9,91.9,5.0,2,0,52.00,Gejala Sedang
2026-07-10,08:00:00,T-3-0,28.3,78.6,6.4,3,0,21.36,Gejala Ringan
2026-07-10,08:00:00,T-3-1,31.3,73.5,5.1,3,0,25.07,Gejala Ringan
2026-07-10,08:00:00,T-3-2,29.9,83.8,5.2,3,0,28.03,Gejala Ringan
2026-07-10,08:00:00,T-3-3,25.3,69.6,5.2,3,0,23.28,Gejala Ringan
2026-07-10,08:00:00,T-3-4,25.2,77.2,5.1,3,0,26.33,Gejala Ringan
2026-07-10,08:00:00,T-3-5,27.3,65.7,6.1,3,0,18.73,Sehat
2026-07-10,08:00:00,T-3-6,30.2,72.2,6.3,3,0,19.93,Sehat
2026-07-10,08:00:00,T-3-7,31.0,70.9,6.5,3,0,18.97,Sehat
2026-07-10,08:00:00,T-3-8,27.3,84.3,5.4,3,0,27.15,Gejala Ringan
2026-07-10,08:00:00,T-3-9,31.7,90.7,5.2,3,0,30.34,Gejala Ringan
2026-07-10,08:00:00,T-3-10,31.2,88.9,6.0,3,0,25.77,Gejala Ringan
2026-07-10,08:00:00,T-3-11,28.7,93.9,6.1,3,0,26.77,Gejala Ringan
2026-07-10,08:00:00,T-3-12,30.1,80.5,6.2,3,0,22.58,Gejala Ringan
2026-07-10,08:00:00,T-3-13,24.3,94.7,5.9,3,0,27.92,Gejala Ringan
2026-07-10,08:00:00,T-3-14,25.5,79.3,6.2,3,0,22.25,Gejala Ringan
2026-07-10,08:00:00,T-3-15,30.0,77.0,5.6,3,0,23.92,Gejala Ringan
2026-07-10,08:00:00,T-3-16,29.9,84.9,5.1,3,0,28.95,Gejala Ringan
2026-07-10,08:00:00,T-3-17,31.4,77.0,6.3,3,0,21.26,Gejala Ringan
2026-07-11,08:00:00,T-0,24.8,79.0,6.2,0,0,100.00,Sehat
2026-07-11,08:00:00,T-1-0,29.6,93.8,6.1,1,0,99.00,Terinfeksi Berat
2026-07-11,08:00:00,T-1-1,24.5,90.8,6.3,1,0,93.68,Terinfeksi Berat
2026-07-11,08:00:00,T-1-2,30.6,87.7,6.3,1,0,90.48,Terinfeksi Berat
2026-07-11,08:00:00,T-1-3,28.2,83.2,5.0,1,0,99.00,Terinfeksi Berat
2026-07-11,08:00:00,T-1-4,27.8,74.0,6.2,1,0,77.58,Terinfeksi Berat
2026-07-11,08:00:00,T-1-5,28.1,86.4,5.1,1,0,99.00,Terinfeksi Berat
2026-07-11,08:00:00,T-2-0,26.3,69.4,6.3,2,0,31.17,Gejala Ringan
2026-07-11,08:00:00,T-2-1,24.4,90.9,5.8,2,0,44.34,Gejala Sedang
2026-07-11,08:00:00,T-2-2,31.6,69.6,5.5,2,0,35.80,Gejala Ringan
2026-07-11,08:00:00,T-2-3,27.6,75.1,5.7,2,0,37.28,Gejala Ringan
2026-07-11,08:00:00,T-2-4,30.3,91.8,6.4,2,0,40.58,Gejala Sedang
2026-07-11,08:00:00,T-2-5,31.5,78.8,5.8,2,0,38.44,Gejala Ringan
2026-07-11,08:00:00,T-2-6,25.9,67.1,5.9,2,0,32.18,Gejala Ringan
2026-07-11,08:00:00,T-2-7,24.1,81.2,5.1,2,0,45.05,Gejala Sedang
2026-07-11,08:00:00,T-2-8,24.9,78.7,5.0,2,0,44.53,Gejala Sedang
2026-07-11,08:00:00,T-2-9,31.2,74.5,5.3,2,0,39.77,Gejala Ringan
2026-07-11,08:00:00,T-2-10,24.8,76.6,6.4,2,0,33.86,Gejala Ringan
2026-07-11,08:00:00,T-2-11,26.5,80.4,5.3,2,0,42.92,Gejala Sedang
2026-07-11,08:00:00,T-3-0,29.1,87.4,5.8,3,0,26.21,Gejala Ringan
2026-07-11,08:00:00,T-3-1,30.2,90.1,6.2,3,0,25.28,Gejala Ringan
2026-07-11,08:00:00,T-3-2,24.1,70.3,5.5,3,0,22.23,Gejala Ringan
2026-07-11,08:00:00,T-3-3,25.6,95.0,5.8,3,0,28.49,Gejala Ringan
2026-07-11,08:00:00,T-3-4,24.0,73.4,6.3,3,0,20.26,Gejala Ringan
2026-07-11,08:00:00,T-3-5,26.7,84.4,5.6,3,0,26.21,Gejala Ringan
2026-07-11,08:00:00,T-3-6,30.8,86.2,6.3,3,0,23.80,Gejala Ringan
2026-07-11,08:00:00,T-3-7,27.3,83.2,6.5,3,0,22.26,Gejala Ringan
2026-07-11,08:00:00,T-3-8,27.1,87.8,5.1,3,0,29.94,Gejala Ringan
2026-07-11,08:00:00,T-3-9,30.2,87.2,5.6,3,0,27.08,Gejala Ringan
2026-07-11,08:00:00,T-3-10,25.3,80.8,6.0,3,0,23.42,Gejala Ringan
2026-07-11,08:00:00,T-3-11,25.1,77.0,6.2,3,0,21.60,Gejala Ringan
2026-07-11,08:00:00,T-3-12,25.2,66.2,5.3,3,0,21.72,Gejala Ringan
2026-07-11,08:00:00,T-3-13,29.1,69.8,6.4,3,0,18.97,Sehat
2026-07-11,08:00:00,T-3-14,24.7,77.6,6.0,3,0,22.49,Gejala Ringan
2026-07-11,08:00:00,T-3-15,27.3,78.1,5.3,3,0,25.63,Gejala Ringan
2026-07-11,08:00:00,T-3-16,24.8,67.4,5.3,3,0,22.12,Gejala Ringan
2026-07-11,08:00:00,T-3-17,29.5,78.3,5.2,3,0,26.19,Gejala Ringan
2026-07-12,08:00:00,T-0,30.3,84.7,5.4,0,0,100.00,Sehat
2026-07-12,08:00:00,T-1-0,31.2,76.3,5.8,1,0,85.51,Terinfeksi Berat
2026-07-12,08:00:00,T-1-1,25.9,68.9,5.3,1,0,84.50,Terinfeksi Berat
2026-07-12,08:00:00,T-1-2,30.5,73.2,5.9,1,0,80.64,Terinfeksi Berat
2026-07-12,08:00:00,T-1-3,24.4,69.6,5.8,1,0,78.00,Terinfeksi Berat
2026-07-12,08:00:00,T-1-4,26.5,80.0,5.1,1,0,99.00,Terinfeksi Berat
2026-07-12,08:00:00,T-1-5,31.5,69.0,6.0,1,0,74.75,Gejala Sedang
2026-07-12,08:00:00,T-2-0,26.0,71.6,6.1,2,0,33.21,Gejala Ringan
2026-07-12,08:00:00,T-2-1,25.4,94.4,5.0,2,0,53.42,Gejala Sedang
2026-07-12,08:00:00,T-2-2,25.6,82.0,5.2,2,0,44.62,Gejala Sedang
2026-07-12,08:00:00,T-2-3,31.0,91.2,5.5,2,0,46.91,Gejala Sedang
2026-07-12,08:00:00,T-2-4,28.8,89.9,5.9,2,0,43.11,Gejala Sedang
2026-07-12,08:00:00,T-2-5,27.2,79.8,5.4,2,0,41.81,Gejala Sedang
2026-07-12,08:00:00,T-2-6,28.7,91.0,5.2,2,0,49.51,Gejala Sedang
2026-07-12,08:00:00,T-2-7,24.3,84.8,6.0,2,0,39.99,Gejala Ringan
2026-07-12,08:00:00,T-2-8,31.9,87.3,5.3,2,0,46.60,Gejala Sedang
2026-07-12,08:00:00,T-2-9,25.3,78.2,6.3,2,0,35.12,Gejala Ringan
2026-07-12,08:00:00,T-2-10,25.3,93.1,6.1,2,0,43.18,Gejala Sedang
2026-07-12,08:00:00,T-2-11,26.9,70.5,5.6,2,0,35.62,Gejala Ringan
2026-07-12,08:00:00,T-3-0,24.2,79.4,6.2,3,0,22.27,Gejala Ringan
2026-07-12,08:00:00,T-3-1,25.9,94.3,5.7,3,0,28.77,Gejala Ringan
2026-07-12,08:00:00,T-3-2,28.6,92.3,6.4,3,0,25.08,Gejala Ringan
2026-07-12,08:00:00,T-3-3,29.0,72.1,5.1,3,0,24.59,Gejala Ringan
2026-07-12,08:00:00,T-3-4,25.9,68.4,6.2,3,0,19.19,Sehat
2026-07-12,08:00:00,T-3-5,27.6,70.8,6.2,3,0,19.86,Sehat
2026-07-12,08:00:00,T-3-6,26.9,73.3,6.2,3,0,20.56,Gejala Ringan
2026-07-12,08:00:00,T-3-7,28.3,84.7,5.8,3,0,25.40,Gejala Ringan
2026-07-12,08:00:00,T-3-8,24.2,89.0,5.1,3,0,30.35,Gejala Ringan
2026-07-12,08:00:00,T-3-9,27.2,73.3,5.9,3,0,21.61,Gejala Ringan
2026-07-12,08:00:00,T-3-10,26.4,86.2,5.3,3,0,28.29,Gejala Ringan
2026-07-12,08:00:00,T-3-11,26.4,78.3,6.0,3,0,22.70,Gejala Ringan
2026-07-12,08:00:00,T-3-12,30.6,89.0,6.3,3,0,24.57,Gejala Ringan
2026-07-12,08:00:00,T-3-13,31.1,88.9,5.6,3,0,27.61,Gejala Ringan
2026-07-12,08:00:00,T-3-14,24.4,80.8,6.1,3,0,23.04,Gejala Ringan
2026-07-12,08:00:00,T-3-15,28.1,90.1,5.3,3,0,29.57,Gejala Ringan
2026-07-12,08:00:00,T-3-16,26.6,84.6,5.0,3,0,29.43,Gejala Ringan
2026-07-12,08:00:00,T-3-17,29.6,80.5,6.5,3,0,21.54,Gejala Ringan
2026-07-13,08:00:00,T-0,29.5,70.3,5.4,0,0,100.00,Sehat
2026-07-13,08:00:00,T-1-0,30.8,82.6,5.4,1,0,99.00,Terinfeksi Berat
2026-07-13,08:00:00,T-1-1,24.8,81.7,5.6,1,0,94.83,Terinfeksi Berat
2026-07-13,08:00:00,T-1-2,24.3,76.4,5.7,1,0,87.12,Terinfeksi Berat
2026-07-13,08:00:00,T-1-3,25.9,76.6,5.4,1,0,92.20,Terinfeksi Berat
2026-07-13,08:00:00,T-1-4,30.9,71.9,6.2,1,0,75.38,Terinfeksi Berat
2026-07-13,08:00:00,T-1-5,29.8,69.0,6.1,1,0,73.52,Gejala Sedang
2026-07-13,08:00:00,T-2-0,31.6,81.5,6.0,2,0,38.43,Gejala Ringan
2026-07-13,08:00:00,T-2-1,25.1,79.3,5.9,2,0,38.03,Gejala Ringan
2026-07-13,08:00:00,T-2-2,28.3,77.8,5.8,2,0,37.95,Gejala Ringan
2026-07-13,08:00:00,T-2-3,31.7,65.1,5.2,2,0,35.42,Gejala Ringan
2026-07-13,08:00:00,T-2-4,26.0,71.5,5.5,2,0,36.78,Gejala Ringan
2026-07-13,08:00:00,T-2-5,25.6,71.1,6.4,2,0,31.43,Gejala Ringan
2026-07-13,08:00:00,T-2-6,27.9,82.9,5.8,2,0,40.44,Gejala Sedang
2026-07-13,08:00:00,T-2-7,24.6,81.3,5.1,2,0,45.10,Gejala Sedang
2026-07-13,08:00:00,T-2-8,30.1,67.1,5.3,2,0,35.82,Gejala Ringan
2026-07-13,08:00:00,T-2-9,29.9,82.5,5.5,2,0,42.44,Gejala Sedang
2026-07-13,08:00:00,T-2-10,26.1,94.5,6.0,2,0,44.56,Gejala Sedang
2026-07-13,08:00:00,T-2-11,25.9,74.2,5.4,2,0,38.88,Gejala Ringan
2026-07-13,08:00:00,T-3-0,26.4,75.9,6.4,3,0,20.63,Gejala Ringan
2026-07-13,08:00:00,T-3-1,26.0,79.2,5.2,3,0,26.49,Gejala Ringan
2026-07-13,08:00:00,T-3-2,24.5,81.9,6.3,3,0,22.61,Gejala Ringan
2026-07-13,08:00:00,T-3-3,29.8,88.2,5.3,3,0,28.94,Gejala Ringan
2026-07-13,08:00:00,T-3-4,29.5,75.9,5.3,3,0,24.91,Gejala Ringan
2026-07-13,08:00:00,T-3-5,24.2,73.8,5.8,3,0,22.13,Gejala Ringan
2026-07-13,08:00:00,T-3-6,25.7,72.5,6.0,3,0,21.02,Gejala Ringan
2026-07-13,08:00:00,T-3-7,26.8,80.5,6.4,3,0,21.88,Gejala Ringan
2026-07-13,08:00:00,T-3-8,31.2,80.1,5.2,3,0,26.79,Gejala Ringan
2026-07-13,08:00:00,T-3-9,27.2,78.1,6.1,3,0,22.27,Gejala Ringan
2026-07-13,08:00:00,T-3-10,25.7,86.9,5.3,3,0,28.52,Gejala Ringan
2026-07-13,08:00:00,T-3-11,29.8,81.1,5.2,3,0,27.13,Gejala Ringan
2026-07-13,08:00:00,T-3-12,25.0,72.8,6.4,3,0,19.78,Sehat
2026-07-13,08:00:00,T-3-13,26.0,94.4,5.9,3,0,27.83,Gejala Ringan
2026-07-13,08:00:00,T-3-14,25.7,81.3,5.2,3,0,27.19,Gejala Ringan
2026-07-13,08:00:00,T-3-15,24.7,88.4,5.9,3,0,26.06,Gejala Ringan
2026-07-13,08:00:00,T-3-16,26.4,68.7,5.3,3,0,22.54,Gejala Ringan
2026-07-13,08:00:00,T-3-17,24.3,71.3,5.9,3,0,21.02,Gejala Ringan
2026-07-14,08:00:00,T-0,31.6,94.4,6.3,0,0,100.00,Sehat
2026-07-14,08:00:00,T-1-0,29.6,94.4,5.8,1,0,99.00,Terinfeksi Berat
2026-07-14,08:00:00,T-1-1,27.8,91.8,6.4,1,0,93.23,Terinfeksi Berat
2026-07-14,08:00:00,T-1-2,25.5,72.5,6.2,1,0,76.01,Terinfeksi Berat
2026-07-14,08:00:00,T-1-3,29.0,81.0,5.3,1,0,99.00,Terinfeksi Berat
2026-07-14,08:00:00,T-1-4,25.1,67.8,5.1,1,0,86.41,Terinfeksi Berat
2026-07-14,08:00:00,T-1-5,26.0,71.9,6.1,1,0,76.61,Terinfeksi Berat
2026-07-14,08:00:00,T-2-0,25.2,87.7,6.4,2,0,38.77,Gejala Ringan
2026-07-14,08:00:00,T-2-1,25.5,92.0,5.8,2,0,44.88,Gejala Sedang
2026-07-14,08:00:00,T-2-2,28.0,66.2,5.8,2,0,32.29,Gejala Ringan
2026-07-14,08:00:00,T-2-3,28.0,86.8,5.5,2,0,44.65,Gejala Sedang
2026-07-14,08:00:00,T-2-4,31.3,79.6,5.8,2,0,38.83,Gejala Ringan
2026-07-14,08:00:00,T-2-5,26.7,79.9,6.4,2,0,35.32,Gejala Ringan
2026-07-14,08:00:00,T-2-6,26.8,79.8,6.5,2,0,34.73,Gejala Ringan
2026-07-14,08:00:00,T-2-7,27.1,94.2,6.1,2,0,43.69,Gejala Sedang
2026-07-14,08:00:00,T-2-8,29.6,79.4,5.8,2,0,38.73,Gejala Ringan
2026-07-14,08:00:00,T-2-9,24.7,83.5,5.4,2,0,43.75,Gejala Sedang
2026-07-14,08:00:00,T-2-10,26.7,76.9,5.3,2,0,41.05,Gejala Sedang
2026-07-14,08:00:00,T-2-11,24.1,87.9,5.4,2,0,46.05,Gejala Sedang
2026-07-14,08:00:00,T-3-0,24.5,78.4,6.4,3,0,21.31,Gejala Ringan
2026-07-14,08:00:00,T-3-1,27.6,90.5,6.2,3,0,25.39,Gejala Ringan
2026-07-14,08:00:00,T-3-2,28.6,88.9,6.4,3,0,24.16,Gejala Ringan
2026-07-14,08:00:00,T-3-3,26.6,66.4,5.6,3,0,20.62,Gejala Ringan
2026-07-14,08:00:00,T-3-4,25.1,82.9,5.3,3,0,27.20,Gejala Ringan
2026-07-14,08:00:00,T-3-5,31.2,73.2,5.5,3,0,23.15,Gejala Ringan
2026-07-14,08:00:00,T-3-6,25.2,94.1,6.0,3,0,27.28,Gejala Ringan
2026-07-14,08:00:00,T-3-7,25.8,92.6,5.8,3,0,27.77,Gejala Ringan
2026-07-14,08:00:00,T-3-8,26.5,69.3,5.9,3,0,20.43,Gejala Ringan
2026-07-14,08:00:00,T-3-9,26.0,89.0,5.3,3,0,29.21,Gejala Ringan
2026-07-14,08:00:00,T-3-10,27.4,70.6,5.0,3,0,24.56,Gejala Ringan
2026-07-14,08:00:00,T-3-11,27.7,91.2,6.1,3,0,26.00,Gejala Ringan
2026-07-14,08:00:00,T-3-12,24.9,88.9,5.4,3,0,28.63,Gejala Ringan
2026-07-14,08:00:00,T-3-13,29.4,70.2,5.6,3,0,21.80,Gejala Ringan
2026-07-14,08:00:00,T-3-14,30.5,87.3,6.3,3,0,24.10,Gejala Ringan
2026-07-14,08:00:00,T-3-15,30.4,74.6,5.0,3,0,25.95,Gejala Ringan
2026-07-14,08:00:00,T-3-16,26.2,70.0,5.2,3,0,23.41,Gejala Ringan
2026-07-14,08:00:00,T-3-17,27.8,80.8,5.7,3,0,24.65,Gejala Ringan
2026-07-15,08:00:00,T-0,30.2,80.3,5.8,0,0,100.00,Sehat
2026-07-15,08:00:00,T-1-0,25.5,68.3,5.2,1,0,85.37,Terinfeksi Berat
2026-07-15,08:00:00,T-1-1,29.0,93.6,5.2,1,0,99.00,Terinfeksi Berat
2026-07-15,08:00:00,T-1-2,31.4,89.2,6.1,1,0,95.05,Terinfeksi Berat
2026-07-15,08:00:00,T-1-3,27.6,76.4,5.2,1,0,95.50,Terinfeksi Berat
2026-07-15,08:00:00,T-1-4,25.5,65.1,6.0,1,0,70.52,Gejala Sedang
2026-07-15,08:00:00,T-1-5,26.5,80.5,6.4,1,0,81.76,Terinfeksi Berat
2026-07-15,08:00:00,T-2-0,31.6,73.0,5.3,2,0,38.97,Gejala Ringan
2026-07-15,08:00:00,T-2-1,27.6,66.0,5.7,2,0,32.76,Gejala Ringan
2026-07-15,08:00:00,T-2-2,25.7,76.0,5.5,2,0,39.10,Gejala Ringan
2026-07-15,08:00:00,T-2-3,25.7,84.2,5.6,2,0,42.54,Gejala Sedang
2026-07-15,08:00:00,T-2-4,27.0,82.5,5.9,2,0,39.56,Gejala Ringan
2026-07-15,08:00:00,T-2-5,25.8,81.8,6.3,2,0,36.74,Gejala Ringan
2026-07-15,08:00:00,T-2-6,30.7,82.9,6.5,2,0,36.08,Gejala Ringan
2026-07-15,08:00:00,T-2-7,25.3,73.5,6.0,2,0,34.66,Gejala Ringan
2026-07-15,08:00:00,T-2-8,30.7,89.4,5.1,2,0,49.60,Gejala Sedang
2026-07-15,08:00:00,T-2-9,29.1,76.9,6.4,2,0,34.00,Gejala Ringan
2026-07-15,08:00:00,T-2-10,29.0,94.9,5.9,2,0,45.51,Gejala Sedang
2026-07-15,08:00:00,T-2-11,24.4,74.2,5.0,2,0,41.99,Gejala Sedang
2026-07-15,08:00:00,T-3-0,25.5,69.7,6.4,3,0,18.94,Sehat
2026-07-15,08:00:00,T-3-1,30.3,87.4,6.5,3,0,23.39,Gejala Ringan
2026-07-15,08:00:00,T-3-2,28.3,75.8,5.9,3,0,22.35,Gejala Ringan
2026-07-15,08:00:00,T-3-3,26.8,68.3,6.0,3,0,19.80,Sehat
2026-07-15,08:00:00,T-3-4,28.3,74.5,5.7,3,0,22.73,Gejala Ringan
2026-07-15,08:00:00,T-3-5,29.9,66.9,5.0,3,0,23.27,Gejala Ringan
2026-07-15,08:00:00,T-3-6,27.2,66.8,6.1,3,0,19.05,Sehat
2026-07-15,08:00:00,T-3-7,30.0,93.9,6.2,3,0,26.34,Gejala Ringan
2026-07-15,08:00:00,T-3-8,25.0,70.5,5.8,3,0,21.14,Gejala Ringan
2026-07-15,08:00:00,T-3-9,24.4,69.0,6.1,3,0,19.67,Sehat
2026-07-15,08:00:00,T-3-10,29.1,93.6,5.1,3,0,31.92,Gejala Ringan
2026-07-15,08:00:00,T-3-11,30.9,77.9,6.4,3,0,21.17,Gejala Ringan
2026-07-15,08:00:00,T-3-12,31.5,78.7,6.2,3,0,22.08,Gejala Ringan
2026-07-15,08:00:00,T-3-13,29.0,92.0,5.3,3,0,30.19,Gejala Ringan
2026-07-15,08:00:00,T-3-14,29.5,92.9,6.0,3,0,26.93,Gejala Ringan
2026-07-15,08:00:00,T-3-15,25.4,76.4,5.1,3,0,26.05,Gejala Ringan
2026-07-15,08:00:00,T-3-16,24.7,92.7,6.5,3,0,24.80,Gejala Ringan
2026-07-15,08:00:00,T-3-17,27.0,93.0,5.5,3,0,29.41,Gejala Ringan
2026-07-16,08:00:00,T-0,27.2,82.7,6.1,0,0,100.00,Sehat
2026-07-16,08:00:00,T-1-0,30.3,69.0,5.1,1,0,87.94,Terinfeksi Berat
2026-07-16,08:00:00,T-1-1,28.4,65.3,5.2,1,0,81.63,Terinfeksi Berat
2026-07-16,08:00:00,T-1-2,28.2,81.5,5.6,1,0,94.60,Terinfeksi Berat
2026-07-16,08:00:00,T-1-3,29.5,67.2,6.0,1,0,72.80,Gejala Sedang
2026-07-16,08:00:00,T-1-4,25.4,94.5,5.8,1,0,99.00,Terinfeksi Berat
2026-07-16,08:00:00,T-1-5,26.3,69.6,5.4,1,0,83.78,Terinfeksi Berat
2026-07-16,08:00:00,T-2-0,29.2,65.3,5.8,2,0,31.85,Gejala Ringan
2026-07-16,08:00:00,T-2-1,30.6,90.7,5.6,2,0,45.82,Gejala Sedang
2026-07-16,08:00:00,T-2-2,27.9,68.1,6.4,2,0,30.11,Gejala Ringan
2026-07-16,08:00:00,T-2-3,27.9,76.0,5.7,2,0,37.72,Gejala Ringan
2026-07-16,08:00:00,T-2-4,31.3,69.3,6.4,2,0,30.64,Gejala Ringan
2026-07-16,08:00:00,T-2-5,26.1,69.7,5.5,2,0,35.85,Gejala Ringan
2026-07-16,08:00:00,T-2-6,24.2,72.5,6.2,2,0,33.08,Gejala Ringan
2026-07-16,08:00:00,T-2-7,28.8,93.8,6.2,2,0,42.80,Gejala Sedang
2026-07-16,08:00:00,T-2-8,26.6,72.1,6.2,2,0,32.90,Gejala Ringan
2026-07-16,08:00:00,T-2-9,29.0,86.5,5.9,2,0,41.48,Gejala Sedang
2026-07-16,08:00:00,T-2-10,31.5,83.5,5.8,2,0,40.73,Gejala Sedang
2026-07-16,08:00:00,T-2-11,29.8,84.0,5.1,2,0,46.60,Gejala Sedang
2026-07-16,08:00:00,T-3-0,25.9,80.5,5.9,3,0,23.73,Gejala Ringan
2026-07-16,08:00:00,T-3-1,24.8,65.5,6.3,3,0,18.08,Sehat
2026-07-16,08:00:00,T-3-2,30.5,81.5,6.5,3,0,21.81,Gejala Ringan
2026-07-16,08:00:00,T-3-3,26.8,78.8,5.3,3,0,25.86,Gejala Ringan
2026-07-16,08:00:00,T-3-4,25.8,93.8,5.0,3,0,32.63,Gejala Ringan
2026-07-16,08:00:00,T-3-5,30.2,67.2,6.4,3,0,18.26,Sehat
2026-07-16,08:00:00,T-3-6,31.9,72.1,5.3,3,0,23.66,Gejala Ringan
2026-07-16,08:00:00,T-3-7,31.0,72.2,6.2,3,0,20.25,Gejala Ringan
2026-07-16,08:00:00,T-3-8,29.2,88.7,6.5,3,0,23.73,Gejala Ringan
2026-07-16,08:00:00,T-3-9,27.5,93.1,5.4,3,0,29.99,Gejala Ringan
2026-07-16,08:00:00,T-3-10,31.8,72.0,5.7,3,0,21.97,Gejala Ringan
2026-07-16,08:00:00,T-3-11,27.0,69.2,5.1,3,0,23.60,Gejala Ringan
2026-07-16,08:00:00,T-3-12,25.2,82.9,5.0,3,0,28.84,Gejala Ringan
2026-07-16,08:00:00,T-3-13,31.1,85.6,5.9,3,0,25.23,Gejala Ringan
2026-07-16,08:00:00,T-3-14,24.6,90.8,5.1,3,0,30.97,Gejala Ringan
2026-07-16,08:00:00,T-3-15,25.7,65.9,6.2,3,0,18.49,Sehat
2026-07-16,08:00:00,T-3-16,31.2,90.2,5.3,3,0,29.60,Gejala Ringan
2026-07-16,08:00:00,T-3-17,27.8,80.1,5.3,3,0,26.29,Gejala Ringan
2026-07-17,08:00:00,T-0,31.5,71.4,5.1,0,0,100.00,Sehat
2026-07-17,08:00:00,T-1-0,30.7,68.6,5.5,1,0,81.07,Terinfeksi Berat
2026-07-17,08:00:00,T-1-1,32.0,71.3,6.3,1,0,73.56,Gejala Sedang
2026-07-17,08:00:00,T-1-2,26.9,94.5,6.4,1,0,95.98,Terinfeksi Berat
2026-07-17,08:00:00,T-1-3,29.0,94.3,5.8,1,0,99.00,Terinfeksi Berat
2026-07-17,08:00:00,T-1-4,27.3,84.4,6.2,1,0,88.48,Terinfeksi Berat
2026-07-17,08:00:00,T-1-5,29.1,94.9,6.4,1,0,96.38,Terinfeksi Berat
2026-07-17,08:00:00,T-2-0,26.8,73.6,5.3,2,0,39.29,Gejala Ringan
2026-07-17,08:00:00,T-2-1,29.2,76.4,6.3,2,0,34.31,Gejala Ringan
2026-07-17,08:00:00,T-2-2,24.3,87.5,5.9,2,0,41.96,Gejala Sedang
2026-07-17,08:00:00,T-2-3,26.6,92.8,5.5,2,0,47.74,Gejala Sedang
2026-07-17,08:00:00,T-2-4,31.2,69.6,5.1,2,0,38.61,Gejala Ringan
2026-07-17,08:00:00,T-2-5,28.3,78.5,5.2,2,0,42.71,Gejala Sedang
2026-07-17,08:00:00,T-2-6,27.6,69.7,6.3,2,0,31.30,Gejala Ringan
2026-07-17,08:00:00,T-2-7,26.3,79.0,5.9,2,0,37.88,Gejala Ringan
2026-07-17,08:00:00,T-2-8,26.5,71.5,5.7,2,0,35.49,Gejala Ringan
2026-07-17,08:00:00,T-2-9,25.1,79.2,6.2,2,0,36.14,Gejala Ringan
2026-07-17,08:00:00,T-2-10,25.5,81.9,5.1,2,0,45.44,Gejala Sedang
2026-07-17,08:00:00,T-2-11,25.0,88.2,6.3,2,0,39.61,Gejala Ringan
2026-07-17,08:00:00,T-3-0,28.8,74.1,6.5,3,0,19.83,Sehat
2026-07-17,08:00:00,T-3-1,31.0,74.3,5.1,3,0,25.34,Gejala Ringan
2026-07-17,08:00:00,T-3-2,26.9,94.4,5.2,3,0,31.57,Gejala Ringan
2026-07-17,08:00:00,T-3-3,28.4,69.6,5.2,3,0,23.28,Gejala Ringan
2026-07-17,08:00:00,T-3-4,26.0,87.2,5.4,3,0,28.09,Gejala Ringan
2026-07-17,08:00:00,T-3-5,27.9,92.3,5.2,3,0,30.87,Gejala Ringan
2026-07-17,08:00:00,T-3-6,31.1,86.4,5.1,3,0,29.47,Gejala Ringan
2026-07-17,08:00:00,T-3-7,28.9,74.8,6.4,3,0,20.33,Gejala Ringan
2026-07-17,08:00:00,T-3-8,26.1,77.5,5.4,3,0,24.96,Gejala Ringan
2026-07-17,08:00:00,T-3-9,31.7,71.4,5.4,3,0,23.00,Gejala Ringan
2026-07-17,08:00:00,T-3-10,29.0,66.0,6.2,3,0,18.51,Sehat
2026-07-17,08:00:00,T-3-11,26.5,91.8,5.5,3,0,29.03,Gejala Ringan
2026-07-17,08:00:00,T-3-12,25.5,87.8,5.6,3,0,27.27,Gejala Ringan
2026-07-17,08:00:00,T-3-13,30.1,67.9,5.4,3,0,21.87,Gejala Ringan
2026-07-17,08:00:00,T-3-14,26.2,94.9,5.6,3,0,29.47,Gejala Ringan
2026-07-17,08:00:00,T-3-15,26.2,77.7,5.3,3,0,25.50,Gejala Ringan
2026-07-17,08:00:00,T-3-16,29.4,71.3,6.1,3,0,20.33,Gejala Ringan
2026-07-17,08:00:00,T-3-17,31.8,90.9,5.5,3,0,28.75,Gejala Ringan
2026-07-18,08:00:00,T-0,26.7,88.8,5.9,0,0,100.00,Sehat
2026-07-18,08:00:00,T-1-0,26.6,84.9,6.4,1,0,86.23,Terinfeksi Berat
2026-07-18,08:00:00,T-1-1,28.7,92.7,6.4,1,0,94.15,Terinfeksi Berat
2026-07-18,08:00:00,T-1-2,29.4,74.4,5.4,1,0,89.56,Terinfeksi Berat
2026-07-18,08:00:00,T-1-3,26.2,92.1,5.6,1,0,99.00,Terinfeksi Berat
2026-07-18,08:00:00,T-1-4,28.6,86.2,5.6,1,0,99.00,Terinfeksi Berat
2026-07-18,08:00:00,T-1-5,27.4,67.4,6.4,1,0,68.45,Gejala Sedang
2026-07-18,08:00:00,T-2-0,28.8,83.8,6.5,2,0,36.48,Gejala Ringan
2026-07-18,08:00:00,T-2-1,30.5,76.9,5.8,2,0,37.51,Gejala Ringan
2026-07-18,08:00:00,T-2-2,31.7,85.3,5.0,2,0,48.27,Gejala Sedang
2026-07-18,08:00:00,T-2-3,25.6,93.4,5.4,2,0,48.94,Gejala Sedang
2026-07-18,08:00:00,T-2-4,30.7,79.2,5.9,2,0,37.98,Gejala Ringan
2026-07-18,08:00:00,T-2-5,30.0,94.7,6.5,2,0,41.22,Gejala Sedang
2026-07-18,08:00:00,T-2-6,28.4,77.8,5.9,2,0,37.31,Gejala Ringan
2026-07-18,08:00:00,T-2-7,27.8,90.8,6.4,2,0,40.14,Gejala Sedang
2026-07-18,08:00:00,T-2-8,26.8,88.5,5.3,2,0,47.24,Gejala Sedang
2026-07-18,08:00:00,T-2-9,24.7,74.1,6.0,2,0,34.94,Gejala Ringan
2026-07-18,08:00:00,T-2-10,29.1,84.7,5.9,2,0,40.62,Gejala Sedang
2026-07-18,08:00:00,T-2-11,27.5,94.4,5.3,2,0,50.39,Gejala Sedang
2026-07-18,08:00:00,T-3-0,25.8,70.0,5.1,3,0,23.87,Gejala Ringan
2026-07-18,08:00:00,T-3-1,31.0,80.4,5.2,3,0,26.89,Gejala Ringan
2026-07-18,08:00:00,T-3-2,28.5,65.7,5.2,3,0,21.98,Gejala Ringan
2026-07-18,08:00:00,T-3-3,24.1,68.6,5.2,3,0,22.95,Gejala Ringan
2026-07-18,08:00:00,T-3-4,28.6,87.6,6.3,3,0,24.18,Gejala Ringan
2026-07-18,08:00:00,T-3-5,27.7,91.7,6.1,3,0,26.15,Gejala Ringan
2026-07-18,08:00:00,T-3-6,30.6,66.8,6.1,3,0,19.05,Sehat
2026-07-18,08:00:00,T-3-7,32.0,84.6,6.5,3,0,22.64,Gejala Ringan
2026-07-18,08:00:00,T-3-8,30.7,90.5,5.2,3,0,30.27,Gejala Ringan
2026-07-18,08:00:00,T-3-9,31.4,68.0,5.5,3,0,21.50,Gejala Ringan
2026-07-18,08:00:00,T-3-10,30.5,77.2,6.5,3,0,20.66,Gejala Ringan
2026-07-18,08:00:00,T-3-11,27.0,82.1,6.3,3,0,22.67,Gejala Ringan
2026-07-18,08:00:00,T-3-12,28.9,80.0,5.8,3,0,23.99,Gejala Ringan
2026-07-18,08:00:00,T-3-13,30.9,94.0,5.9,3,0,27.71,Gejala Ringan
2026-07-18,08:00:00,T-3-14,30.1,66.6,5.5,3,0,21.06,Gejala Ringan
2026-07-18,08:00:00,T-3-15,31.7,76.9,6.0,3,0,22.29,Gejala Ringan
2026-07-18,08:00:00,T-3-16,27.6,92.7,6.2,3,0,26.00,Gejala Ringan
2026-07-18,08:00:00,T-3-17,24.0,82.0,5.3,3,0,26.91,Gejala Ringan
2026-07-19,08:00:00,T-0,28.9,91.5,6.3,0,0,100.00,Sehat
2026-07-19,08:00:00,T-1-0,24.3,84.3,5.7,1,0,96.13,Terinfeksi Berat
2026-07-19,08:00:00,T-1-1,30.1,73.0,5.7,1,0,83.25,Terinfeksi Berat
2026-07-19,08:00:00,T-1-2,31.6,78.4,6.1,1,0,83.54,Terinfeksi Berat
2026-07-19,08:00:00,T-1-3,26.5,94.3,6.5,1,0,94.30,Terinfeksi Berat
2026-07-19,08:00:00,T-1-4,26.2,92.4,5.4,1,0,99.00,Terinfeksi Berat
2026-07-19,08:00:00,T-1-5,25.0,86.6,6.3,1,0,89.35,Terinfeksi Berat
2026-07-19,08:00:00,T-2-0,27.9,69.5,5.9,2,0,33.33,Gejala Ringan
2026-07-19,08:00:00,T-2-1,28.2,67.5,5.6,2,0,34.10,Gejala Ringan
2026-07-19,08:00:00,T-2-2,31.3,82.0,5.3,2,0,43.77,Gejala Sedang
2026-07-19,08:00:00,T-2-3,30.8,89.8,5.8,2,0,43.81,Gejala Sedang
2026-07-19,08:00:00,T-2-4,30.8,68.5,6.4,2,0,30.28,Gejala Ringan
2026-07-19,08:00:00,T-2-5,27.8,88.9,5.1,2,0,49.32,Gejala Sedang
2026-07-19,08:00:00,T-2-6,25.8,72.5,5.6,2,0,36.63,Gejala Ringan
2026-07-19,08:00:00,T-2-7,29.3,79.2,5.4,2,0,41.50,Gejala Sedang
2026-07-19,08:00:00,T-2-8,29.1,74.5,6.0,2,0,35.13,Gejala Ringan
2026-07-19,08:00:00,T-2-9,30.2,77.8,5.2,2,0,42.33,Gejala Sedang
2026-07-19,08:00:00,T-2-10,28.7,70.6,6.4,2,0,31.21,Gejala Ringan
2026-07-19,08:00:00,T-2-11,28.9,70.0,6.4,2,0,30.95,Gejala Ringan
2026-07-19,08:00:00,T-3-0,27.7,91.6,5.5,3,0,28.97,Gejala Ringan
2026-07-19,08:00:00,T-3-1,30.0,69.1,5.5,3,0,21.85,Gejala Ringan
2026-07-19,08:00:00,T-3-2,25.9,72.1,6.3,3,0,19.91,Sehat
2026-07-19,08:00:00,T-3-3,31.7,69.5,5.7,3,0,21.21,Gejala Ringan
2026-07-19,08:00:00,T-3-4,28.5,65.1,6.1,3,0,18.56,Sehat
2026-07-19,08:00:00,T-3-5,28.5,73.5,5.4,3,0,23.67,Gejala Ringan
2026-07-19,08:00:00,T-3-6,31.5,67.2,5.5,3,0,21.25,Gejala Ringan
2026-07-19,08:00:00,T-3-7,30.1,68.4,5.3,3,0,22.45,Gejala Ringan
2026-07-19,08:00:00,T-3-8,24.8,77.7,5.3,3,0,25.50,Gejala Ringan
2026-07-19,08:00:00,T-3-9,29.9,83.0,6.3,3,0,22.91,Gejala Ringan
2026-07-19,08:00:00,T-3-10,31.7,81.6,5.7,3,0,24.90,Gejala Ringan
2026-07-19,08:00:00,T-3-11,24.4,93.7,5.1,3,0,31.95,Gejala Ringan
2026-07-19,08:00:00,T-3-12,27.8,93.6,5.5,3,0,29.60,Gejala Ringan
2026-07-19,08:00:00,T-3-13,28.1,75.8,5.2,3,0,25.35,Gejala Ringan
2026-07-19,08:00:00,T-3-14,31.1,83.5,6.4,3,0,22.69,Gejala Ringan
2026-07-19,08:00:00,T-3-15,27.6,92.8,5.7,3,0,28.32,Gejala Ringan
2026-07-19,08:00:00,T-3-16,27.6,66.0,6.5,3,0,17.66,Sehat
2026-07-19,08:00:00,T-3-17,24.3,72.6,5.6,3,0,22.55,Gejala Ringan
2026-07-20,08:00:00,T-0,26.4,65.5,5.4,0,0,100.00,Sehat
2026-07-20,08:00:00,T-1-0,29.2,84.2,6.4,1,0,85.52,Terinfeksi Berat
2026-07-20,08:00:00,T-1-1,26.7,77.5,5.5,1,0,91.59,Terinfeksi Berat
2026-07-20,08:00:00,T-1-2,26.5,79.7,5.1,1,0,99.00,Terinfeksi Berat
2026-07-20,08:00:00,T-1-3,30.2,85.9,5.6,1,0,99.00,Terinfeksi Berat
2026-07-20,08:00:00,T-1-4,25.5,86.7,5.6,1,0,99.00,Terinfeksi Berat
2026-07-20,08:00:00,T-1-5,25.4,67.0,6.3,1,0,69.13,Gejala Sedang
2026-07-20,08:00:00,T-2-0,27.0,71.5,5.2,2,0,38.90,Gejala Ringan
2026-07-20,08:00:00,T-2-1,27.6,87.3,6.0,2,0,41.17,Gejala Sedang
2026-07-20,08:00:00,T-2-2,26.2,69.0,5.5,2,0,35.49,Gejala Ringan
2026-07-20,08:00:00,T-2-3,29.5,70.8,5.8,2,0,34.54,Gejala Ringan
2026-07-20,08:00:00,T-2-4,25.9,92.6,6.0,2,0,43.67,Gejala Sedang
2026-07-20,08:00:00,T-2-5,25.6,77.8,5.7,2,0,38.62,Gejala Ringan
2026-07-20,08:00:00,T-2-6,28.3,80.9,6.5,2,0,35.21,Gejala Ringan
2026-07-20,08:00:00,T-2-7,25.8,91.8,5.2,2,0,49.95,Gejala Sedang
2026-07-20,08:00:00,T-2-8,27.1,75.7,5.4,2,0,39.66,Gejala Ringan
2026-07-20,08:00:00,T-2-9,29.1,83.3,5.7,2,0,41.35,Gejala Sedang
2026-07-20,08:00:00,T-2-10,27.2,72.9,5.4,2,0,38.20,Gejala Ringan
2026-07-20,08:00:00,T-2-11,29.4,73.8,5.3,2,0,39.40,Gejala Ringan
2026-07-20,08:00:00,T-3-0,30.8,66.2,5.8,3,0,19.85,Sehat
2026-07-20,08:00:00,T-3-1,30.6,93.2,5.2,3,0,31.17,Gejala Ringan
2026-07-20,08:00:00,T-3-2,26.2,75.2,6.3,3,0,20.76,Gejala Ringan
2026-07-20,08:00:00,T-3-3,30.5,86.9,5.1,3,0,29.64,Gejala Ringan
2026-07-20,08:00:00,T-3-4,31.2,87.5,5.9,3,0,25.79,Gejala Ringan
2026-07-20,08:00:00,T-3-5,27.0,85.0,5.8,3,0,25.49,Gejala Ringan
2026-07-20,08:00:00,T-3-6,29.7,77.0,5.5,3,0,24.35,Gejala Ringan
2026-07-20,08:00:00,T-3-7,24.6,90.6,6.0,3,0,26.26,Gejala Ringan
2026-07-20,08:00:00,T-3-8,25.8,66.1,6.2,3,0,18.54,Sehat
2026-07-20,08:00:00,T-3-9,25.9,80.2,6.4,3,0,21.80,Gejala Ringan
2026-07-20,08:00:00,T-3-10,27.8,92.3,5.7,3,0,28.16,Gejala Ringan
2026-07-20,08:00:00,T-3-11,31.6,72.1,5.3,3,0,23.66,Gejala Ringan
2026-07-20,08:00:00,T-3-12,26.8,80.5,6.3,3,0,22.22,Gejala Ringan
2026-07-20,08:00:00,T-3-13,24.8,69.5,5.1,3,0,23.70,Gejala Ringan
2026-07-20,08:00:00,T-3-14,24.3,74.6,5.3,3,0,24.48,Gejala Ringan
2026-07-20,08:00:00,T-3-15,28.7,75.7,6.3,3,0,20.90,Gejala Ringan
2026-07-20,08:00:00,T-3-16,25.2,72.0,6.1,3,0,20.53,Gejala Ringan
2026-07-20,08:00:00,T-3-17,27.3,79.8,5.3,3,0,26.19,Gejala Ringan
2026-07-21,08:00:00,T-0,30.4,94.3,5.3,0,0,100.00,Sehat
2026-07-21,08:00:00,T-1-0,30.0,83.5,5.5,1,0,98.68,Terinfeksi Berat
2026-07-21,08:00:00,T-1-1,30.4,82.7,6.3,1,0,85.33,Terinfeksi Berat
2026-07-21,08:00:00,T-1-2,25.3,89.3,5.5,1,0,99.00,Terinfeksi Berat
2026-07-21,08:00:00,T-1-3,31.5,66.8,6.1,1,0,71.18,Gejala Sedang
2026-07-21,08:00:00,T-1-4,31.9,82.6,6.2,1,0,86.60,Terinfeksi Berat
2026-07-21,08:00:00,T-1-5,28.9,73.0,5.3,1,0,89.53,Terinfeksi Berat
2026-07-21,08:00:00,T-2-0,29.5,83.2,6.4,2,0,36.78,Gejala Ringan
2026-07-21,08:00:00,T-2-1,24.7,78.8,5.3,2,0,42.07,Gejala Sedang
2026-07-21,08:00:00,T-2-2,29.0,92.9,6.0,2,0,43.81,Gejala Sedang
2026-07-21,08:00:00,T-2-3,26.8,87.7,5.2,2,0,47.72,Gejala Sedang
2026-07-21,08:00:00,T-2-4,28.7,83.6,5.7,2,0,41.50,Gejala Sedang
2026-07-21,08:00:00,T-2-5,27.3,73.3,5.8,2,0,35.76,Gejala Ringan
2026-07-21,08:00:00,T-2-6,28.2,88.1,5.1,2,0,48.87,Gejala Sedang
2026-07-21,08:00:00,T-2-7,24.3,72.2,5.7,2,0,35.84,Gejala Ringan
2026-07-21,08:00:00,T-2-8,26.3,72.5,6.4,2,0,32.05,Gejala Ringan
2026-07-21,08:00:00,T-2-9,29.5,75.5,6.3,2,0,33.91,Gejala Ringan
2026-07-21,08:00:00,T-2-10,26.2,93.6,5.2,2,0,50.93,Gejala Sedang
2026-07-21,08:00:00,T-2-11,24.0,86.0,5.8,2,0,41.95,Gejala Sedang
2026-07-21,08:00:00,T-3-0,24.1,78.5,5.2,3,0,26.26,Gejala Ringan
2026-07-21,08:00:00,T-3-1,24.3,70.1,5.1,3,0,23.91,Gejala Ringan
2026-07-21,08:00:00,T-3-2,28.0,85.6,5.4,3,0,27.57,Gejala Ringan
2026-07-21,08:00:00,T-3-3,31.2,70.4,5.1,3,0,24.01,Gejala Ringan
2026-07-21,08:00:00,T-3-4,30.2,94.9,6.2,3,0,26.62,Gejala Ringan
2026-07-21,08:00:00,T-3-5,26.4,72.9,6.0,3,0,21.13,Gejala Ringan
2026-07-21,08:00:00,T-3-6,29.6,70.9,5.9,3,0,20.90,Gejala Ringan
2026-07-21,08:00:00,T-3-7,26.8,87.1,5.9,3,0,25.68,Gejala Ringan
2026-07-21,08:00:00,T-3-8,27.3,65.9,5.5,3,0,20.84,Gejala Ringan
2026-07-21,08:00:00,T-3-9,27.6,89.4,5.2,3,0,29.90,Gejala Ringan
2026-07-21,08:00:00,T-3-10,27.1,71.3,6.4,3,0,19.38,Sehat
2026-07-21,08:00:00,T-3-11,26.0,78.4,6.2,3,0,21.99,Gejala Ringan
2026-07-21,08:00:00,T-3-12,25.0,67.2,5.8,3,0,20.15,Gejala Ringan
2026-07-21,08:00:00,T-3-13,28.0,79.5,5.9,3,0,23.44,Gejala Ringan
2026-07-21,08:00:00,T-3-14,30.5,93.8,5.7,3,0,28.62,Gejala Ringan
2026-07-21,08:00:00,T-3-15,28.3,74.8,6.4,3,0,20.33,Gejala Ringan
2026-07-21,08:00:00,T-3-16,26.0,75.6,5.5,3,0,23.91,Gejala Ringan
2026-07-21,08:00:00,T-3-17,25.7,66.7,6.0,3,0,19.33,Sehat
2026-07-22,08:00:00,T-0,30.6,77.5,5.5,0,0,100.00,Sehat
2026-07-22,08:00:00,T-1-0,31.8,89.0,6.4,1,0,90.39,Terinfeksi Berat
2026-07-22,08:00:00,T-1-1,29.4,88.4,5.0,1,0,99.00,Terinfeksi Berat
2026-07-22,08:00:00,T-1-2,24.5,92.9,5.6,1,0,99.00,Terinfeksi Berat
2026-07-22,08:00:00,T-1-3,29.0,90.1,5.7,1,0,99.00,Terinfeksi Berat
2026-07-22,08:00:00,T-1-4,30.5,65.7,5.8,1,0,73.63,Gejala Sedang
2026-07-22,08:00:00,T-1-5,25.7,79.9,5.8,1,0,89.54,Terinfeksi Berat
2026-07-22,08:00:00,T-2-0,27.8,95.0,5.5,2,0,48.87,Gejala Sedang
2026-07-22,08:00:00,T-2-1,31.0,67.1,6.4,2,0,29.66,Gejala Ringan
2026-07-22,08:00:00,T-2-2,26.4,71.4,6.0,2,0,33.67,Gejala Ringan
2026-07-22,08:00:00,T-2-3,31.3,82.2,5.5,2,0,42.29,Gejala Sedang
2026-07-22,08:00:00,T-2-4,26.8,90.6,5.2,2,0,49.29,Gejala Sedang
2026-07-22,08:00:00,T-2-5,25.2,74.8,6.5,2,0,32.56,Gejala Ringan
2026-07-22,08:00:00,T-2-6,25.4,82.4,5.2,2,0,44.83,Gejala Sedang
2026-07-22,08:00:00,T-2-7,29.3,94.2,5.8,2,0,45.95,Gejala Sedang
2026-07-22,08:00:00,T-2-8,27.7,68.8,5.9,2,0,32.99,Gejala Ringan
2026-07-22,08:00:00,T-2-9,31.9,68.9,6.4,2,0,30.46,Gejala Ringan
2026-07-22,08:00:00,T-2-10,26.3,75.8,5.8,2,0,36.98,Gejala Ringan
2026-07-22,08:00:00,T-2-11,31.3,73.2,6.1,2,0,33.95,Gejala Ringan
2026-07-22,08:00:00,T-3-0,28.4,76.4,5.7,3,0,23.31,Gejala Ringan
2026-07-22,08:00:00,T-3-1,30.3,65.3,5.6,3,0,20.28,Gejala Ringan
2026-07-22,08:00:00,T-3-2,25.9,79.2,5.0,3,0,27.55,Gejala Ringan
2026-07-22,08:00:00,T-3-3,28.0,82.6,6.0,3,0,23.94,Gejala Ringan
2026-07-22,08:00:00,T-3-4,26.2,73.7,5.1,3,0,25.13,Gejala Ringan
2026-07-22,08:00:00,T-3-5,30.8,86.2,5.5,3,0,27.26,Gejala Ringan
2026-07-22,08:00:00,T-3-6,30.3,65.5,5.1,3,0,22.34,Gejala Ringan
2026-07-22,08:00:00,T-3-7,27.7,76.8,6.4,3,0,20.87,Gejala Ringan
2026-07-22,08:00:00,T-3-8,30.4,76.8,5.6,3,0,23.85,Gejala Ringan
2026-07-22,08:00:00,T-3-9,29.6,78.3,5.1,3,0,26.70,Gejala Ringan
2026-07-22,08:00:00,T-3-10,28.2,87.1,5.8,3,0,26.12,Gejala Ringan
2026-07-22,08:00:00,T-3-11,25.5,65.7,6.4,3,0,17.85,Sehat
2026-07-22,08:00:00,T-3-12,31.5,68.3,5.8,3,0,20.48,Gejala Ringan
2026-07-22,08:00:00,T-3-13,24.5,67.4,6.1,3,0,19.22,Sehat
2026-07-22,08:00:00,T-3-14,31.9,67.4,5.7,3,0,20.57,Gejala Ringan
2026-07-22,08:00:00,T-3-15,28.6,85.3,6.2,3,0,23.93,Gejala Ringan
2026-07-22,08:00:00,T-3-16,26.1,71.0,5.8,3,0,21.29,Gejala Ringan
2026-07-22,08:00:00,T-3-17,24.8,84.0,6.4,3,0,22.83,Gejala Ringan
2026-07-23,08:00:00,T-0,30.0,65.1,6.3,0,0,100.00,Sehat
2026-07-23,08:00:00,T-1-0,25.8,88.9,5.4,1,0,99.00,Terinfeksi Berat
2026-07-23,08:00:00,T-1-1,24.8,86.8,6.4,1,0,88.16,Terinfeksi Berat
2026-07-23,08:00:00,T-1-2,24.2,94.1,5.8,1,0,99.00,Terinfeksi Berat
2026-07-23,08:00:00,T-1-3,24.6,71.8,6.1,1,0,76.51,Terinfeksi Berat
2026-07-23,08:00:00,T-1-4,25.3,68.3,5.9,1,0,75.25,Terinfeksi Berat
2026-07-23,08:00:00,T-1-5,25.4,66.4,5.7,1,0,75.72,Terinfeksi Berat
2026-07-23,08:00:00,T-2-0,28.6,86.0,6.2,2,0,39.24,Gejala Ringan
2026-07-23,08:00:00,T-2-1,26.0,70.4,5.5,2,0,36.21,Gejala Ringan
2026-07-23,08:00:00,T-2-2,26.3,76.1,5.4,2,0,39.87,Gejala Ringan
2026-07-23,08:00:00,T-2-3,25.6,94.8,6.1,2,0,43.97,Gejala Sedang
2026-07-23,08:00:00,T-2-4,24.3,89.7,6.4,2,0,39.65,Gejala Ringan
2026-07-23,08:00:00,T-2-5,30.6,91.0,5.2,2,0,49.51,Gejala Sedang
2026-07-23,08:00:00,T-2-6,27.8,67.9,6.4,2,0,30.02,Gejala Ringan
2026-07-23,08:00:00,T-2-7,26.0,75.3,5.9,2,0,36.11,Gejala Ringan
2026-07-23,08:00:00,T-2-8,31.9,76.5,5.0,2,0,43.29,Gejala Sedang
2026-07-23,08:00:00,T-2-9,29.2,68.8,5.3,2,0,36.73,Gejala Ringan
2026-07-23,08:00:00,T-2-10,31.3,92.1,5.4,2,0,48.26,Gejala Sedang
2026-07-23,08:00:00,T-2-11,28.8,77.4,5.9,2,0,37.12,Gejala Ringan
2026-07-23,08:00:00,T-3-0,31.9,68.0,5.1,3,0,23.19,Gejala Ringan
2026-07-23,08:00:00,T-3-1,29.2,67.7,5.6,3,0,21.03,Gejala Ringan
2026-07-23,08:00:00,T-3-2,24.7,84.8,6.2,3,0,23.79,Gejala Ringan
2026-07-23,08:00:00,T-3-3,31.8,91.1,5.6,3,0,28.29,Gejala Ringan
2026-07-23,08:00:00,T-3-4,26.1,92.9,5.7,3,0,28.35,Gejala Ringan
2026-07-23,08:00:00,T-3-5,27.2,94.2,5.9,3,0,27.77,Gejala Ringan
2026-07-23,08:00:00,T-3-6,30.8,93.9,5.8,3,0,28.16,Gejala Ringan
2026-07-23,08:00:00,T-3-7,25.1,85.1,5.9,3,0,25.09,Gejala Ringan
2026-07-23,08:00:00,T-3-8,28.6,88.1,5.4,3,0,28.38,Gejala Ringan
2026-07-23,08:00:00,T-3-9,25.2,73.6,6.1,3,0,20.99,Gejala Ringan
2026-07-23,08:00:00,T-3-10,25.2,94.0,5.4,3,0,30.28,Gejala Ringan
2026-07-23,08:00:00,T-3-11,24.2,70.8,5.0,3,0,24.63,Gejala Ringan
2026-07-23,08:00:00,T-3-12,27.2,92.2,5.4,3,0,29.70,Gejala Ringan
2026-07-23,08:00:00,T-3-13,28.9,92.7,6.4,3,0,25.19,Gejala Ringan
2026-07-23,08:00:00,T-3-14,26.2,74.1,5.4,3,0,23.87,Gejala Ringan
2026-07-23,08:00:00,T-3-15,31.7,89.7,5.6,3,0,27.86,Gejala Ringan
2026-07-23,08:00:00,T-3-16,28.1,87.5,5.0,3,0,30.44,Gejala Ringan
2026-07-23,08:00:00,T-3-17,28.2,65.4,5.1,3,0,22.30,Gejala Ringan
2026-07-24,08:00:00,T-0,30.3,85.0,5.5,0,0,100.00,Sehat
2026-07-24,08:00:00,T-1-0,29.6,83.0,5.1,1,0,99.00,Terinfeksi Berat
2026-07-24,08:00:00,T-1-1,24.1,66.8,5.8,1,0,74.86,Gejala Sedang
2026-07-24,08:00:00,T-1-2,26.4,82.7,5.7,1,0,94.31,Terinfeksi Berat
2026-07-24,08:00:00,T-1-3,30.4,88.9,5.1,1,0,99.00,Terinfeksi Berat
2026-07-24,08:00:00,T-1-4,31.7,71.5,6.1,1,0,76.19,Terinfeksi Berat
2026-07-24,08:00:00,T-1-5,25.6,78.2,6.5,1,0,78.20,Terinfeksi Berat
2026-07-24,08:00:00,T-2-0,24.4,83.9,5.0,2,0,47.48,Gejala Sedang
2026-07-24,08:00:00,T-2-1,29.0,80.8,6.0,2,0,38.10,Gejala Ringan
2026-07-24,08:00:00,T-2-2,28.4,70.2,5.0,2,0,39.72,Gejala Ringan
2026-07-24,08:00:00,T-2-3,29.3,82.0,5.9,2,0,39.32,Gejala Ringan
2026-07-24,08:00:00,T-2-4,30.9,89.6,5.4,2,0,46.95,Gejala Sedang
2026-07-24,08:00:00,T-2-5,26.1,76.0,6.0,2,0,35.84,Gejala Ringan
2026-07-24,08:00:00,T-2-6,28.3,80.9,5.6,2,0,40.87,Gejala Sedang
2026-07-24,08:00:00,T-2-7,31.6,70.5,6.4,2,0,31.17,Gejala Ringan
2026-07-24,08:00:00,T-2-8,31.0,65.3,6.0,2,0,30.79,Gejala Ringan
2026-07-24,08:00:00,T-2-9,31.4,90.0,6.2,2,0,41.07,Gejala Sedang
2026-07-24,08:00:00,T-2-10,26.2,76.7,6.4,2,0,33.91,Gejala Ringan
2026-07-24,08:00:00,T-2-11,27.9,92.9,5.9,2,0,44.55,Gejala Sedang
2026-07-24,08:00:00,T-3-0,24.8,93.7,6.1,3,0,26.72,Gejala Ringan
2026-07-24,08:00:00,T-3-1,28.8,80.4,5.2,3,0,26.89,Gejala Ringan
2026-07-24,08:00:00,T-3-2,24.1,83.9,5.5,3,0,26.53,Gejala Ringan
2026-07-24,08:00:00,T-3-3,24.1,80.9,5.1,3,0,27.59,Gejala Ringan
2026-07-24,08:00:00,T-3-4,30.0,79.1,5.5,3,0,25.01,Gejala Ringan
2026-07-24,08:00:00,T-3-5,27.3,86.8,5.5,3,0,27.45,Gejala Ringan
2026-07-24,08:00:00,T-3-6,29.3,85.7,5.8,3,0,25.70,Gejala Ringan
2026-07-24,08:00:00,T-3-7,31.1,92.5,5.3,3,0,30.36,Gejala Ringan
2026-07-24,08:00:00,T-3-8,31.2,93.1,6.3,3,0,25.70,Gejala Ringan
2026-07-24,08:00:00,T-3-9,31.7,67.8,5.5,3,0,21.44,Gejala Ringan
2026-07-24,08:00:00,T-3-10,29.9,74.9,5.3,3,0,24.58,Gejala Ringan
2026-07-24,08:00:00,T-3-11,24.8,73.3,6.2,3,0,20.56,Gejala Ringan
2026-07-24,08:00:00,T-3-12,26.2,88.5,5.5,3,0,27.99,Gejala Ringan
2026-07-24,08:00:00,T-3-13,24.5,94.5,6.1,3,0,26.94,Gejala Ringan
2026-07-24,08:00:00,T-3-14,30.4,88.2,6.2,3,0,24.74,Gejala Ringan
2026-07-24,08:00:00,T-3-15,31.0,86.1,5.7,3,0,26.27,Gejala Ringan
2026-07-24,08:00:00,T-3-16,25.4,93.0,5.4,3,0,29.95,Gejala Ringan
2026-07-24,08:00:00,T-3-17,25.5,89.9,5.5,3,0,28.43,Gejala Ringan
2026-07-25,08:00:00,T-0,28.5,77.7,5.5,0,0,100.00,Sehat
2026-07-25,08:00:00,T-1-0,26.9,70.3,6.0,1,0,76.16,Terinfeksi Berat
2026-07-25,08:00:00,T-1-1,31.0,80.0,5.5,1,0,94.55,Terinfeksi Berat
2026-07-25,08:00:00,T-1-2,29.4,69.6,5.8,1,0,78.00,Terinfeksi Berat
2026-07-25,08:00:00,T-1-3,31.8,91.5,6.0,1,0,99.00,Terinfeksi Berat
2026-07-25,08:00:00,T-1-4,26.1,70.7,6.3,1,0,72.94,Gejala Sedang
2026-07-25,08:00:00,T-1-5,24.6,94.5,5.2,1,0,99.00,Terinfeksi Berat
2026-07-25,08:00:00,T-2-0,24.1,68.3,6.2,2,0,31.17,Gejala Ringan
2026-07-25,08:00:00,T-2-1,29.9,80.8,5.4,2,0,42.33,Gejala Sedang
2026-07-25,08:00:00,T-2-2,30.3,84.2,5.1,2,0,46.71,Gejala Sedang
2026-07-25,08:00:00,T-2-3,28.2,91.1,6.5,2,0,39.65,Gejala Ringan
2026-07-25,08:00:00,T-2-4,26.4,89.0,6.2,2,0,40.61,Gejala Sedang
2026-07-25,08:00:00,T-2-5,27.7,93.5,5.2,2,0,50.87,Gejala Sedang
2026-07-25,08:00:00,T-2-6,30.7,72.3,5.8,2,0,35.27,Gejala Ringan
2026-07-25,08:00:00,T-2-7,26.3,80.7,6.2,2,0,36.83,Gejala Ringan
2026-07-25,08:00:00,T-2-8,29.3,68.8,5.3,2,0,36.73,Gejala Ringan
2026-07-25,08:00:00,T-2-9,29.3,85.7,5.3,2,0,45.75,Gejala Sedang
2026-07-25,08:00:00,T-2-10,28.8,87.4,5.4,2,0,45.79,Gejala Sedang
2026-07-25,08:00:00,T-2-11,25.4,86.8,6.3,2,0,38.98,Gejala Ringan
2026-07-25,08:00:00,T-3-0,31.5,66.7,5.7,3,0,20.35,Gejala Ringan
2026-07-25,08:00:00,T-3-1,27.8,86.7,6.1,3,0,24.72,Gejala Ringan
2026-07-25,08:00:00,T-3-2,29.6,89.1,5.9,3,0,26.27,Gejala Ringan
2026-07-25,08:00:00,T-3-3,25.4,65.7,6.1,3,0,18.73,Sehat
2026-07-25,08:00:00,T-3-4,27.2,80.6,6.4,3,0,21.90,Gejala Ringan
2026-07-25,08:00:00,T-3-5,30.2,69.6,6.5,3,0,18.62,Sehat
2026-07-25,08:00:00,T-3-6,29.5,66.8,6.5,3,0,17.87,Sehat
2026-07-25,08:00:00,T-3-7,30.6,81.4,6.2,3,0,22.83,Gejala Ringan
2026-07-25,08:00:00,T-3-8,24.3,76.2,5.0,3,0,26.51,Gejala Ringan
2026-07-25,08:00:00,T-3-9,27.8,69.7,6.0,3,0,20.20,Gejala Ringan
2026-07-25,08:00:00,T-3-10,24.9,89.1,5.3,3,0,29.24,Gejala Ringan
2026-07-25,08:00:00,T-3-11,27.4,82.2,5.8,3,0,24.65,Gejala Ringan
2026-07-25,08:00:00,T-3-12,28.7,92.5,5.5,3,0,29.25,Gejala Ringan
2026-07-25,08:00:00,T-3-13,29.7,66.4,6.5,3,0,17.77,Sehat
2026-07-25,08:00:00,T-3-14,29.9,89.9,5.9,3,0,26.50,Gejala Ringan
2026-07-25,08:00:00,T-3-15,25.8,67.8,5.1,3,0,23.12,Gejala Ringan
2026-07-25,08:00:00,T-3-16,25.5,93.4,5.4,3,0,30.08,Gejala Ringan
2026-07-25,08:00:00,T-3-17,28.7,86.0,6.4,3,0,23.37,Gejala Ringan
2026-07-26,08:00:00,T-0,29.5,68.8,6.4,0,0,100.00,Sehat
2026-07-26,08:00:00,T-1-0,30.7,94.6,5.4,1,0,99.00,Terinfeksi Berat
2026-07-26,08:00:00,T-1-1,30.8,88.4,5.3,1,0,99.00,Terinfeksi Berat
2026-07-26,08:00:00,T-1-2,31.0,86.2,5.3,1,0,99.00,Terinfeksi Berat
2026-07-26,08:00:00,T-1-3,24.3,71.9,5.1,1,0,91.64,Terinfeksi Berat
2026-07-26,08:00:00,T-1-4,30.8,86.8,5.6,1,0,99.00,Terinfeksi Berat
2026-07-26,08:00:00,T-1-5,26.2,89.8,5.7,1,0,99.00,Terinfeksi Berat
2026-07-26,08:00:00,T-2-0,30.9,78.0,6.3,2,0,35.03,Gejala Ringan
2026-07-26,08:00:00,T-2-1,27.1,69.8,5.9,2,0,33.47,Gejala Ringan
2026-07-26,08:00:00,T-2-2,27.0,74.0,6.0,2,0,34.89,Gejala Ringan
2026-07-26,08:00:00,T-2-3,26.0,94.7,6.1,2,0,43.92,Gejala Sedang
2026-07-26,08:00:00,T-2-4,30.6,88.6,6.2,2,0,40.43,Gejala Sedang
2026-07-26,08:00:00,T-2-5,31.3,72.2,5.3,2,0,38.54,Gejala Ringan
2026-07-26,08:00:00,T-2-6,29.4,86.8,5.2,2,0,47.23,Gejala Sedang
2026-07-26,08:00:00,T-2-7,28.9,74.5,6.4,2,0,32.93,Gejala Ringan
2026-07-26,08:00:00,T-2-8,28.0,75.9,6.1,2,0,35.20,Gejala Ringan
2026-07-26,08:00:00,T-2-9,28.4,85.5,6.3,2,0,38.40,Gejala Ringan
2026-07-26,08:00:00,T-2-10,27.2,87.3,6.5,2,0,38.00,Gejala Ringan
2026-07-26,08:00:00,T-2-11,28.2,67.4,5.4,2,0,35.31,Gejala Ringan
2026-07-26,08:00:00,T-3-0,27.5,77.5,5.6,3,0,24.07,Gejala Ringan
2026-07-26,08:00:00,T-3-1,27.3,85.9,5.6,3,0,26.68,Gejala Ringan
2026-07-26,08:00:00,T-3-2,27.8,66.1,5.5,3,0,20.90,Gejala Ringan
2026-07-26,08:00:00,T-3-3,27.6,89.1,5.4,3,0,28.70,Gejala Ringan
2026-07-26,08:00:00,T-3-4,25.1,77.8,5.8,3,0,23.33,Gejala Ringan
2026-07-26,08:00:00,T-3-5,29.0,92.0,6.0,3,0,26.67,Gejala Ringan
2026-07-26,08:00:00,T-3-6,27.5,66.0,6.4,3,0,17.94,Sehat
2026-07-26,08:00:00,T-3-7,27.3,94.1,6.1,3,0,26.83,Gejala Ringan
2026-07-26,08:00:00,T-3-8,24.9,91.4,5.4,3,0,29.44,Gejala Ringan
2026-07-26,08:00:00,T-3-9,30.2,93.9,5.7,3,0,28.65,Gejala Ringan
2026-07-26,08:00:00,T-3-10,31.6,70.2,5.4,3,0,22.61,Gejala Ringan
2026-07-26,08:00:00,T-3-11,31.4,91.7,6.0,3,0,26.58,Gejala Ringan
2026-07-26,08:00:00,T-3-12,29.2,87.7,5.9,3,0,25.85,Gejala Ringan
2026-07-26,08:00:00,T-3-13,26.1,90.9,5.3,3,0,29.83,Gejala Ringan
2026-07-26,08:00:00,T-3-14,28.2,92.1,6.0,3,0,26.70,Gejala Ringan
2026-07-26,08:00:00,T-3-15,30.9,87.7,6.4,3,0,23.83,Gejala Ringan
2026-07-26,08:00:00,T-3-16,31.9,67.9,5.4,3,0,21.87,Gejala Ringan
2026-07-26,08:00:00,T-3-17,27.2,70.0,5.5,3,0,22.14,Gejala Ringan
2026-07-27,08:00:00,T-0,29.7,69.3,5.4,0,0,100.00,Sehat
2026-07-27,08:00:00,T-1-0,24.2,73.1,5.5,1,0,86.39,Terinfeksi Berat
2026-07-27,08:00:00,T-1-1,31.6,78.2,5.6,1,0,90.77,Terinfeksi Berat
2026-07-27,08:00:00,T-1-2,31.1,71.3,5.2,1,0,89.13,Terinfeksi Berat
2026-07-27,08:00:00,T-1-3,31.8,68.5,5.9,1,0,75.47,Terinfeksi Berat
2026-07-27,08:00:00,T-1-4,32.0,85.5,5.7,1,0,97.50,Terinfeksi Berat
2026-07-27,08:00:00,T-1-5,24.2,88.3,5.3,1,0,99.00,Terinfeksi Berat
2026-07-27,08:00:00,T-2-0,28.4,89.8,6.1,2,0,41.65,Gejala Sedang
2026-07-27,08:00:00,T-2-1,30.3,82.4,5.4,2,0,43.17,Gejala Sedang
2026-07-27,08:00:00,T-2-2,25.2,72.8,5.2,2,0,39.61,Gejala Ringan
2026-07-27,08:00:00,T-2-3,25.7,71.3,6.2,2,0,32.54,Gejala Ringan
2026-07-27,08:00:00,T-2-4,27.4,77.0,6.0,2,0,36.31,Gejala Ringan
2026-07-27,08:00:00,T-2-5,31.9,82.6,5.8,2,0,40.29,Gejala Sedang
2026-07-27,08:00:00,T-2-6,27.6,73.7,6.2,2,0,33.63,Gejala Ringan
2026-07-27,08:00:00,T-2-7,24.5,88.3,6.3,2,0,39.65,Gejala Ringan
2026-07-27,08:00:00,T-2-8,28.7,90.3,6.2,2,0,41.21,Gejala Sedang
2026-07-27,08:00:00,T-2-9,27.7,71.0,6.0,2,0,33.48,Gejala Ringan
2026-07-27,08:00:00,T-2-10,30.1,66.6,6.2,2,0,30.39,Gejala Ringan
2026-07-27,08:00:00,T-2-11,27.6,85.9,5.9,2,0,41.19,Gejala Sedang
2026-07-27,08:00:00,T-3-0,28.9,80.8,5.1,3,0,27.56,Gejala Ringan
2026-07-27,08:00:00,T-3-1,30.0,66.1,5.8,3,0,19.82,Sehat
2026-07-27,08:00:00,T-3-2,27.3,71.5,6.4,3,0,19.43,Sehat
2026-07-27,08:00:00,T-3-3,25.1,74.1,5.9,3,0,21.84,Gejala Ringan
2026-07-27,08:00:00,T-3-4,31.5,67.8,6.5,3,0,18.14,Sehat
2026-07-27,08:00:00,T-3-5,30.9,77.2,5.3,3,0,25.33,Gejala Ringan
2026-07-27,08:00:00,T-3-6,28.9,92.7,5.0,3,0,32.25,Gejala Ringan
2026-07-27,08:00:00,T-3-7,29.0,74.5,5.5,3,0,23.56,Gejala Ringan
2026-07-27,08:00:00,T-3-8,26.7,76.8,5.9,3,0,22.64,Gejala Ringan
2026-07-27,08:00:00,T-3-9,27.4,66.4,5.3,3,0,21.79,Gejala Ringan
2026-07-27,08:00:00,T-3-10,27.4,78.4,5.0,3,0,27.27,Gejala Ringan
2026-07-27,08:00:00,T-3-11,24.9,84.5,6.1,3,0,24.09,Gejala Ringan
2026-07-27,08:00:00,T-3-12,27.1,66.8,5.4,3,0,21.52,Gejala Ringan
2026-07-27,08:00:00,T-3-13,26.1,84.0,5.3,3,0,27.57,Gejala Ringan
2026-07-27,08:00:00,T-3-14,24.4,89.7,5.7,3,0,27.37,Gejala Ringan
2026-07-27,08:00:00,T-3-15,29.6,81.3,6.1,3,0,23.18,Gejala Ringan
2026-07-27,08:00:00,T-3-16,28.6,67.7,6.4,3,0,18.40,Sehat
2026-07-27,08:00:00,T-3-17,29.2,83.9,6.4,3,0,22.80,Gejala Ringan
2026-07-28,08:00:00,T-0,28.1,66.0,6.1,0,0,100.00,Sehat
2026-07-28,08:00:00,T-1-0,29.9,93.1,6.2,1,0,97.60,Terinfeksi Berat
2026-07-28,08:00:00,T-1-1,31.1,88.7,5.4,1,0,99.00,Terinfeksi Berat
2026-07-28,08:00:00,T-1-2,29.5,76.5,6.3,1,0,78.93,Terinfeksi Berat
2026-07-28,08:00:00,T-1-3,26.9,83.1,5.8,1,0,93.13,Terinfeksi Berat
2026-07-28,08:00:00,T-1-4,29.6,78.0,6.2,1,0,81.77,Terinfeksi Berat
2026-07-28,08:00:00,T-1-5,30.8,71.9,5.1,1,0,91.64,Terinfeksi Berat
2026-07-28,08:00:00,T-2-0,25.1,65.5,6.2,2,0,29.89,Gejala Ringan
2026-07-28,08:00:00,T-2-1,30.2,79.6,5.3,2,0,42.49,Gejala Sedang
2026-07-28,08:00:00,T-2-2,27.2,84.2,6.4,2,0,37.22,Gejala Ringan
2026-07-28,08:00:00,T-2-3,29.8,87.1,5.2,2,0,47.39,Gejala Sedang
2026-07-28,08:00:00,T-2-4,28.7,91.9,6.2,2,0,41.94,Gejala Sedang
2026-07-28,08:00:00,T-2-5,25.9,91.7,6.3,2,0,41.18,Gejala Sedang
2026-07-28,08:00:00,T-2-6,30.3,66.4,5.9,2,0,31.84,Gejala Ringan
2026-07-28,08:00:00,T-2-7,28.6,87.9,5.8,2,0,42.88,Gejala Sedang
2026-07-28,08:00:00,T-2-8,27.6,94.9,6.3,2,0,42.62,Gejala Sedang
2026-07-28,08:00:00,T-2-9,31.7,72.8,5.7,2,0,36.14,Gejala Ringan
2026-07-28,08:00:00,T-2-10,25.0,65.6,5.6,2,0,33.14,Gejala Ringan
2026-07-28,08:00:00,T-2-11,27.1,69.2,5.3,2,0,36.94,Gejala Ringan
2026-07-28,08:00:00,T-3-0,27.0,68.4,5.9,3,0,20.16,Gejala Ringan
2026-07-28,08:00:00,T-3-1,25.7,91.9,6.3,3,0,25.37,Gejala Ringan
2026-07-28,08:00:00,T-3-2,24.5,79.2,5.8,3,0,23.75,Gejala Ringan
2026-07-28,08:00:00,T-3-3,27.4,85.6,6.3,3,0,23.63,Gejala Ringan
2026-07-28,08:00:00,T-3-4,24.9,79.0,6.1,3,0,22.53,Gejala Ringan
2026-07-28,08:00:00,T-3-5,31.2,85.4,6.2,3,0,23.96,Gejala Ringan
2026-07-28,08:00:00,T-3-6,26.9,65.9,5.9,3,0,19.43,Sehat
2026-07-28,08:00:00,T-3-7,31.2,67.2,6.4,3,0,18.26,Sehat
2026-07-28,08:00:00,T-3-8,29.7,71.0,6.4,3,0,19.30,Sehat
2026-07-28,08:00:00,T-3-9,27.3,71.8,5.0,3,0,24.98,Gejala Ringan
2026-07-28,08:00:00,T-3-10,31.9,68.0,5.3,3,0,22.32,Gejala Ringan
2026-07-28,08:00:00,T-3-11,32.0,72.9,6.0,3,0,21.13,Gejala Ringan
2026-07-28,08:00:00,T-3-12,24.6,68.4,5.8,3,0,20.51,Gejala Ringan
2026-07-28,08:00:00,T-3-13,30.9,85.0,6.2,3,0,23.84,Gejala Ringan
2026-07-28,08:00:00,T-3-14,31.4,68.1,5.8,3,0,20.42,Gejala Ringan
2026-07-28,08:00:00,T-3-15,25.6,87.2,5.5,3,0,27.58,Gejala Ringan
2026-07-28,08:00:00,T-3-16,29.9,66.6,5.7,3,0,20.32,Gejala Ringan
2026-07-28,08:00:00,T-3-17,31.2,66.5,5.2,3,0,22.24,Gejala Ringan
2026-07-29,08:00:00,T-0,27.0,82.5,5.2,0,0,100.00,Sehat
2026-07-29,08:00:00,T-1-0,30.6,87.2,5.9,1,0,96.07,Terinfeksi Berat
2026-07-29,08:00:00,T-1-1,24.2,70.9,5.9,1,0,78.11,Terinfeksi Berat
2026-07-29,08:00:00,T-1-2,30.8,85.5,5.3,1,0,99.00,Terinfeksi Berat
2026-07-29,08:00:00,T-1-3,30.9,89.2,6.1,1,0,95.05,Terinfeksi Berat
2026-07-29,08:00:00,T-1-4,25.3,79.4,5.2,1,0,99.00,Terinfeksi Berat
2026-07-29,08:00:00,T-1-5,31.5,79.0,5.5,1,0,93.36,Terinfeksi Berat
2026-07-29,08:00:00,T-2-0,31.5,68.3,5.6,2,0,34.51,Gejala Ringan
2026-07-29,08:00:00,T-2-1,28.8,76.1,5.2,2,0,41.41,Gejala Sedang
2026-07-29,08:00:00,T-2-2,24.0,74.3,5.7,2,0,36.88,Gejala Ringan
2026-07-29,08:00:00,T-2-3,27.0,65.7,6.1,2,0,30.47,Gejala Ringan
2026-07-29,08:00:00,T-2-4,30.9,81.1,6.1,2,0,37.62,Gejala Ringan
2026-07-29,08:00:00,T-2-5,26.0,92.5,5.3,2,0,49.38,Gejala Sedang
2026-07-29,08:00:00,T-2-6,30.9,91.3,6.3,2,0,41.00,Gejala Sedang
2026-07-29,08:00:00,T-2-7,24.7,91.5,5.3,2,0,48.85,Gejala Sedang
2026-07-29,08:00:00,T-2-8,25.3,76.3,6.5,2,0,33.21,Gejala Ringan
2026-07-29,08:00:00,T-2-9,26.9,78.4,6.2,2,0,35.78,Gejala Ringan
2026-07-29,08:00:00,T-2-10,31.8,73.6,5.3,2,0,39.29,Gejala Ringan
2026-07-29,08:00:00,T-2-11,28.1,69.6,5.8,2,0,33.95,Gejala Ringan
2026-07-29,08:00:00,T-3-0,30.7,69.8,6.2,3,0,19.58,Sehat
2026-07-29,08:00:00,T-3-1,31.5,70.3,5.1,3,0,23.97,Gejala Ringan
2026-07-29,08:00:00,T-3-2,30.0,90.6,5.8,3,0,27.17,Gejala Ringan
2026-07-29,08:00:00,T-3-3,26.9,81.2,6.2,3,0,22.78,Gejala Ringan
2026-07-29,08:00:00,T-3-4,24.3,77.4,6.1,3,0,22.07,Gejala Ringan
2026-07-29,08:00:00,T-3-5,31.0,75.5,5.3,3,0,24.78,Gejala Ringan
2026-07-29,08:00:00,T-3-6,25.5,67.1,6.1,3,0,19.13,Sehat
2026-07-29,08:00:00,T-3-7,27.6,87.3,6.5,3,0,23.36,Gejala Ringan
2026-07-29,08:00:00,T-3-8,26.7,76.9,5.8,3,0,23.06,Gejala Ringan
2026-07-29,08:00:00,T-3-9,29.2,79.8,6.0,3,0,23.13,Gejala Ringan
2026-07-29,08:00:00,T-3-10,27.3,90.1,5.6,3,0,27.98,Gejala Ringan
2026-07-29,08:00:00,T-3-11,26.0,79.1,5.0,3,0,27.52,Gejala Ringan
2026-07-29,08:00:00,T-3-12,28.5,66.8,6.3,3,0,18.44,Sehat
2026-07-29,08:00:00,T-3-13,30.2,79.9,5.3,3,0,26.22,Gejala Ringan
2026-07-29,08:00:00,T-3-14,26.1,81.8,5.8,3,0,24.53,Gejala Ringan
2026-07-29,08:00:00,T-3-15,28.1,69.8,6.5,3,0,18.68,Sehat
2026-07-29,08:00:00,T-3-16,30.8,90.8,5.4,3,0,29.25,Gejala Ringan
2026-07-29,08:00:00,T-3-17,30.7,93.6,5.5,3,0,29.60,Gejala Ringan
2026-07-30,08:00:00,T-0,27.9,87.9,6.1,0,0,100.00,Sehat
2026-07-30,08:00:00,T-1-0,25.2,77.9,5.9,1,0,85.82,Terinfeksi Berat
2026-07-30,08:00:00,T-1-1,24.1,65.4,5.8,1,0,73.29,Gejala Sedang
2026-07-30,08:00:00,T-1-2,27.1,88.6,5.8,1,0,99.00,Terinfeksi Berat
2026-07-30,08:00:00,T-1-3,26.8,86.3,6.4,1,0,87.65,Terinfeksi Berat
2026-07-30,08:00:00,T-1-4,30.4,65.6,6.0,1,0,71.07,Gejala Sedang
2026-07-30,08:00:00,T-1-5,29.0,67.5,5.1,1,0,86.03,Terinfeksi Berat
2026-07-30,08:00:00,T-2-0,27.7,88.3,5.1,2,0,48.99,Gejala Sedang
2026-07-30,08:00:00,T-2-1,24.9,85.8,6.4,2,0,37.93,Gejala Ringan
2026-07-30,08:00:00,T-2-2,24.2,88.0,6.1,2,0,40.82,Gejala Sedang
2026-07-30,08:00:00,T-2-3,25.7,89.7,6.5,2,0,39.04,Gejala Ringan
2026-07-30,08:00:00,T-2-4,26.7,75.7,5.4,2,0,39.66,Gejala Ringan
2026-07-30,08:00:00,T-2-5,27.8,79.7,5.6,2,0,40.27,Gejala Sedang
2026-07-30,08:00:00,T-2-6,26.2,90.6,6.2,2,0,41.34,Gejala Sedang
2026-07-30,08:00:00,T-2-7,30.7,69.0,5.1,2,0,38.28,Gejala Ringan
2026-07-30,08:00:00,T-2-8,24.1,66.6,5.1,2,0,36.95,Gejala Ringan
2026-07-30,08:00:00,T-2-9,25.1,81.6,5.3,2,0,43.56,Gejala Sedang
2026-07-30,08:00:00,T-2-10,27.6,92.9,5.7,2,0,46.11,Gejala Sedang
2026-07-30,08:00:00,T-2-11,25.5,83.4,5.4,2,0,43.70,Gejala Sedang
2026-07-30,08:00:00,T-3-0,28.1,72.2,6.2,3,0,20.25,Gejala Ringan
2026-07-30,08:00:00,T-3-1,30.4,89.2,5.7,3,0,27.22,Gejala Ringan
2026-07-30,08:00:00,T-3-2,27.4,87.9,5.6,3,0,27.30,Gejala Ringan
2026-07-30,08:00:00,T-3-3,24.9,91.0,6.0,3,0,26.38,Gejala Ringan
2026-07-30,08:00:00,T-3-4,31.8,92.4,5.8,3,0,27.71,Gejala Ringan
2026-07-30,08:00:00,T-3-5,26.2,73.8,5.4,3,0,23.77,Gejala Ringan
2026-07-30,08:00:00,T-3-6,31.6,84.3,5.2,3,0,28.20,Gejala Ringan
2026-07-30,08:00:00,T-3-7,24.4,67.5,5.2,3,0,22.58,Gejala Ringan
2026-07-30,08:00:00,T-3-8,25.9,92.3,6.1,3,0,26.32,Gejala Ringan
2026-07-30,08:00:00,T-3-9,28.0,94.9,5.7,3,0,28.96,Gejala Ringan
2026-07-30,08:00:00,T-3-10,25.6,81.2,5.4,3,0,26.15,Gejala Ringan
2026-07-30,08:00:00,T-3-11,24.6,83.4,5.7,3,0,25.45,Gejala Ringan
2026-07-30,08:00:00,T-3-12,27.4,82.0,6.0,3,0,23.77,Gejala Ringan
2026-07-30,08:00:00,T-3-13,28.6,71.1,5.9,3,0,20.96,Gejala Ringan
2026-07-30,08:00:00,T-3-14,24.9,67.6,5.6,3,0,21.00,Gejala Ringan
2026-07-30,08:00:00,T-3-15,28.5,68.7,6.2,3,0,19.27,Sehat
2026-07-30,08:00:00,T-3-16,30.4,78.6,6.3,3,0,21.70,Gejala Ringan
2026-07-30,08:00:00,T-3-17,26.6,87.5,6.5,3,0,23.41,Gejala Ringan
2026-07-31,08:00:00,T-0,27.2,75.9,5.7,0,0,100.00,Sehat
2026-07-31,08:00:00,T-1-0,29.4,69.3,6.0,1,0,75.07,Terinfeksi Berat
2026-07-31,08:00:00,T-1-1,27.7,69.6,6.3,1,0,71.81,Gejala Sedang
2026-07-31,08:00:00,T-1-2,31.4,83.3,6.0,1,0,90.24,Terinfeksi Berat
2026-07-31,08:00:00,T-1-3,28.2,76.8,6.4,1,0,78.00,Terinfeksi Berat
2026-07-31,08:00:00,T-1-4,27.3,92.3,5.9,1,0,99.00,Terinfeksi Berat
2026-07-31,08:00:00,T-1-5,31.7,71.8,5.7,1,0,81.88,Terinfeksi Berat
2026-07-31,08:00:00,T-2-0,29.0,84.3,5.9,2,0,40.43,Gejala Sedang
2026-07-31,08:00:00,T-2-1,30.8,90.3,5.2,2,0,49.13,Gejala Sedang
2026-07-31,08:00:00,T-2-2,27.5,73.9,6.1,2,0,34.28,Gejala Ringan
2026-07-31,08:00:00,T-2-3,24.8,82.4,6.4,2,0,36.43,Gejala Ringan
2026-07-31,08:00:00,T-2-4,29.4,88.8,5.9,2,0,42.58,Gejala Sedang
2026-07-31,08:00:00,T-2-5,25.8,66.0,5.3,2,0,35.23,Gejala Ringan
2026-07-31,08:00:00,T-2-6,31.2,76.5,5.0,2,0,43.29,Gejala Sedang
2026-07-31,08:00:00,T-2-7,28.2,73.8,6.3,2,0,33.14,Gejala Ringan
2026-07-31,08:00:00,T-2-8,30.6,75.8,6.3,2,0,34.04,Gejala Ringan
2026-07-31,08:00:00,T-2-9,25.9,68.8,5.9,2,0,32.99,Gejala Ringan
2026-07-31,08:00:00,T-2-10,28.6,81.1,5.4,2,0,42.49,Gejala Sedang
2026-07-31,08:00:00,T-2-11,30.9,79.7,5.3,2,0,42.55,Gejala Sedang
2026-07-31,08:00:00,T-3-0,27.8,78.1,6.1,3,0,22.27,Gejala Ringan
2026-07-31,08:00:00,T-3-1,26.6,85.8,6.4,3,0,23.32,Gejala Ringan
2026-07-31,08:00:00,T-3-2,26.4,69.2,5.5,3,0,21.88,Gejala Ringan
2026-07-31,08:00:00,T-3-3,26.1,81.8,6.1,3,0,23.32,Gejala Ringan
2026-07-31,08:00:00,T-3-4,29.0,90.0,6.4,3,0,24.46,Gejala Ringan
2026-07-31,08:00:00,T-3-5,29.4,69.8,5.5,3,0,22.07,Gejala Ringan
2026-07-31,08:00:00,T-3-6,28.6,74.1,6.5,3,0,19.83,Sehat
2026-07-31,08:00:00,T-3-7,30.9,65.3,6.4,3,0,17.75,Sehat
2026-07-31,08:00:00,T-3-8,26.0,80.0,6.2,3,0,22.44,Gejala Ringan
2026-07-31,08:00:00,T-3-9,27.0,87.5,5.5,3,0,27.67,Gejala Ringan
2026-07-31,08:00:00,T-3-10,27.1,84.2,5.2,3,0,28.16,Gejala Ringan
2026-07-31,08:00:00,T-3-11,27.2,83.0,5.0,3,0,28.87,Gejala Ringan
2026-07-31,08:00:00,T-3-12,29.3,66.0,6.3,3,0,18.22,Sehat
2026-07-31,08:00:00,T-3-13,25.1,75.9,5.5,3,0,24.00,Gejala Ringan
2026-07-31,08:00:00,T-3-14,27.2,67.6,6.4,3,0,18.37,Sehat
2026-07-31,08:00:00,T-3-15,31.1,82.7,5.9,3,0,24.38,Gejala Ringan
2026-07-31,08:00:00,T-3-16,24.7,92.3,5.4,3,0,29.73,Gejala Ringan
2026-07-31,08:00:00,T-3-17,29.0,73.5,6.0,3,0,21.31,Gejala Ringan
